S1,S2,S3,S4,S5
1.3333334,11.728503,9.521151,88.817696,11.422282
1.3366667,5.9853144,13.515392,97.99731,7.2504587
1.34,9.540038,8.629329,88.28499,8.596245
1.3433334,7.3079047,17.909555,88.81776,16.972988
1.3466667,5.5565596,11.4984,101.48282,12.353981
1.35,10.559754,13.728883,89.40633,11.69761
1.3533334,6.159704,7.84729,101.22181,9.339173
1.3566667,9.850973,14.523072,88.37127,9.887543
1.36,6.263269,15.529021,95.34094,11.6041355
1.3633333,9.180359,11.3291,91.13884,11.233345
1.3666667,5.289436,14.345878,101.41688,8.6043215
1.37,10.705325,11.418789,88.249306,8.282054
1.3733333,6.444351,13.305695,92.00794,13.206954
1.3766667,9.935299,10.859147,83.28495,14.594597
1.38,5.2473803,13.572203,97.26575,10.074166
1.3833333,9.74944,8.31957,84.32651,9.923433
1.3866667,5.62609,16.110075,94.517685,10.592288
1.39,12.00561,8.254246,83.22229,11.424959
1.3933333,2.5584013,17.675705,87.6402,10.445982
1.3966666,10.116524,10.447511,80.47645,10.079703
1.4,5.1246786,13.841157,97.887764,9.120703
1.4033333,10.2375765,9.959934,89.4682,9.184759
1.4066666,6.924557,10.273944,93.70055,10.700896
1.41,9.665947,8.765403,83.413734,11.646253
1.4133333,5.442681,17.25946,97.2842,9.605669
1.4166666,10.998268,12.127512,84.00349,8.703268
1.42,5.0158925,11.955257,100.65095,10.267119
1.4233333,11.719765,9.443454,89.97931,11.545922
1.4266666,6.1098576,15.904057,96.4344,9.949681
1.43,9.951332,11.445739,85.97899,7.99943
1.4333333,6.6573386,14.207293,90.007286,9.346691
1.4366666,9.019394,9.237477,83.81449,13.479511
1.44,6.9006658,15.376515,87.558395,10.563881
1.4433334,10.101257,9.611811,80.58208,12.111214
1.4466667,5.8863835,13.2431755,91.31757,10.386892
1.45,10.002015,9.926152,82.99454,9.097857
1.4533334,5.929562,12.537635,94.66393,9.089806
1.4566667,11.524767,10.482914,82.72126,11.658776
1.46,6.6949983,11.940636,88.8585,10.150541
1.4633334,10.363311,10.130975,78.22242,8.8857565
1.4666667,6.5129066,13.334412,87.18685,8.849589
1.47,9.531883,10.168283,80.10899,12.613767
1.4733334,5.3156247,12.272446,93.90428,12.239662
1.4766667,10.135128,10.323371,82.800354,10.380678
1.48,5.4657865,13.12334,94.3381,10.341163
1.4833333,11.15547,10.171064,81.58045,9.70089
1.4866667,3.5466678,14.621956,92.21364,9.756619
1.49,11.592279,9.978219,80.878975,10.505072
1.4933333,5.5716705,13.052393,96.678925,11.145059
1.4966667,9.487632,9.170662,85.55956,11.612278
1.5,6.125077,14.154122,93.94509,10.642984
1.5033333,11.219051,11.320295,80.914215,11.435328
1.5066667,6.680621,15.4461355,89.49845,11.582899
1.51,9.319788,11.026136,79.39911,8.980646
1.5133333,6.7130165,13.121747,87.12358,8.7535715
1.5166667,11.5922365,9.67645,78.84471,11.739497
1.52,3.3908982,14.29086,90.31815,12.487248
1.5233333,11.544821,8.829494,79.31739,9.7242
1.5266666,5.6555324,15.12197,92.08808,9.494229
1.53,11.434397,10.726993,82.2048,12.3715925
1.5333333,7.009496,14.847498,87.48051,11.423309
1.5366666,8.887237,10.431073,81.080376,7.681069
1.54,6.158564,14.900582,89.69044,10.588209
1.5433333,9.893791,8.380651,81.48587,16.38457
1.5466666,5.156607,13.187881,95.37153,10.978466
1.55,11.382033,10.290636,83.850204,11.992968
1.5533333,7.51965,12.740894,88.38875,10.473072
1.5566666,8.463663,9.005391,84.06001,9.987684
1.56,5.4465938,14.098664,96.597694,9.599837
1.5633334,12.3528,7.78085,83.68855,10.08207
1.5666667,7.4288616,16.023619,86.964035,11.912352
1.57,9.437296,12.177051,80.62655,10.81405
1.5733334,8.32829,14.279309,83.1036,11.074022
1.5766667,9.215874,12.54605,77.45905,10.027658
1.58,5.865419,11.608508,89.92174,10.172677
1.5833334,13.017121,8.811266,81.1626,10.675614
1.5866667,5.8259606,11.877457,93.98394,10.394335
1.59,11.702293,9.356688,83.44241,13.504439
1.5933334,6.977838,14.650213,88.35543,7.5212345
1.5966667,10.641783,8.97519,77.72038,11.384699
1.6,7.7334566,15.97866,82.12033,17.504986
1.6033334,9.374752,10.070689,76.699974,8.429443
1.6066667,5.6840625,13.291339,91.718544,12.384569
1.61,9.0351515,8.411685,85.935585,14.637902
1.6133333,7.369897,13.792816,87.54505,9.988276
1.6166667,8.244317,10.109658,85.56267,10.327758
1.62,8.243879,14.177501,83.30222,9.725317
1.6233333,8.329553,11.309669,81.33586,10.227276
1.6266667,8.51716,10.3509865,76.96794,10.673117
1.63,5.354498,9.69184,91.55835,11.096142
1.6333333,11.327758,11.406628,79.95598,10.827887
1.6366667,7.108269,9.621453,84.17082,10.4939165
1.64,11.06047,12.779621,77.296234,11.0816145
1.6433333,5.0556793,15.29169,95.04702,10.219067
1.6466666,13.221322,9.911346,84.848274,9.591614
1.65,6.6458755,11.609548,89.498985,10.621839
1.6533333,9.430782,8.333224,82.60171,11.146783
1.6566666,7.419891,19.829037,84.67578,8.759587
1.66,8.547712,12.636297,76.89543,10.076628
1.6633333,7.735462,13.3380995,81.42639,12.432467
1.6666666,8.298372,9.741171,82.37981,11.186406
1.67,10.563883,13.9889,71.22787,11.3516245
1.6733333,5.273507,8.146704,86.3118,10.285971
1.6766666,10.357717,13.565348,77.82322,10.299391
1.68,6.573499,11.679725,85.56642,9.89547
1.6833333,11.193598,9.989571,80.554054,9.998535
1.6866666,5.329713,16.459522,94.432846,11.8575115
1.69,12.620056,11.285227,82.04178,10.437025
1.6933334,6.239157,12.478719,91.56915,10.190595
1.6966667,10.249976,10.325953,82.42054,11.102088
1.7,7.3706684,15.109167,82.745735,11.470681
1.7033334,8.63265,10.6024275,78.29657,9.499511
1.7066667,6.5894957,14.642074,87.64488,9.312033
1.71,9.9325285,9.188324,80.819786,12.541522
1.7133334,6.3650503,10.64633,90.40234,10.839827
1.7166667,12.059713,11.613538,81.269516,11.47557
1.72,6.424597,11.7790985,91.83587,11.138576
1.7233334,10.615472,9.097296,80.835434,10.7611685
1.7266667,5.9761844,15.937032,92.0626,7.8663797
1.73,11.253024,12.588508,79.6541,10.726604
1.7333333,5.7855535,11.268583,94.32464,16.066994
1.7366667,12.232689,10.007721,85.68391,10.066325
1.74,5.729228,15.351354,97.44928,13.849946
1.7433333,10.586954,11.168375,83.443924,10.708518
1.7466667,6.449958,13.530651,90.04082,11.022954
1.75,8.973703,8.972262,84.514305,11.580738
1.7533333,7.1988926,16.151415,87.16628,9.497453
1.7566667,10.10984,9.575138,78.63235,10.24118
1.76,7.221713,13.092323,84.32831,13.213958
1.7633333,10.426896,10.63451,76.74532,11.225893
1.7666667,7.0890136,10.4167185,82.33778,10.13306
1.77,9.786155,7.410893,75.20739,9.298085
1.7733333,7.185449,17.817177,81.24866,11.884238
1.7766666,10.850979,11.768599,72.18169,12.74976
1.78,7.1058307,11.785632,84.13851,10.59514
1.7833333,11.769293,8.431103,77.73304,9.393752
1.7866666,7.661607,13.421853,75.89052,10.410559
1.79,8.89858,8.502531,71.908455,12.095598
1.7933333,7.4792995,16.887121,77.36955,10.446521
1.7966666,9.791,8.214174,70.74167,9.398582
1.8,7.556569,14.643209,76.634514,10.5667515
1.8033333,8.885881,10.265076,74.24739,10.94478
1.8066666,8.70796,9.020916,76.53366,9.665715
1.81,9.075046,10.497916,73.35302,10.796274
1.8133334,7.0587673,10.769228,78.46833,12.750383
1.8166667,9.928905,9.631453,74.348854,11.339745
1.82,7.956326,9.776614,75.02742,12.038993
1.8233334,11.19248,9.010681,68.58532,10.943349
1.8266667,7.744147,15.656568,72.99175,11.413975
1.83,9.731806,10.217773,68.77499,12.049029
1.8333334,8.833924,9.382157,68.27308,11.367507
1.8366667,8.459608,10.798595,69.404945,10.509862
1.84,10.092687,11.790093,65.57477,9.252073
1.8433334,8.083092,7.3102236,69.04135,11.089921
1.8466667,9.384075,16.307037,65.25134,11.051226
1.85,7.9061675,12.248028,70.65965,10.760592
1.8533334,10.892661,7.2039576,70.63373,8.940359
1.8566667,6.685327,18.27687,80.47383,10.027339
1.86,9.537381,12.059525,74.021996,13.0971155
1.8633333,7.9043517,10.905355,83.92131,11.068073
1.8666667,8.659655,8.383454,82.36831,11.438877
1.87,7.5465603,16.691452,83.01707,11.844348
1.8733333,9.773976,10.167094,75.62329,11.042712
1.8766667,7.695953,10.593533,81.02052,10.393294
1.88,10.182611,9.430274,75.38691,9.714878
1.8833333,7.5375752,12.912838,79.371376,10.899005
1.8866667,11.109095,9.329339,72.11451,12.211299
1.89,6.467357,10.517509,83.36626,11.826615
1.8933333,11.658632,9.836871,75.07758,11.618789
1.8966666,7.236048,12.09974,81.674194,9.246797
1.9,10.414837,9.651597,74.343376,10.285079
1.9033333,8.214256,12.665245,74.82051,11.800386
1.9066666,10.457712,9.705937,69.06983,12.094202
1.91,7.95849,13.3186455,72.0421,11.835346
1.9133333,7.954204,8.41426,73.47748,9.909825
1.9166666,11.162573,13.944937,67.93533,9.856403
1.92,9.537786,8.784745,67.18681,12.151047
1.9233333,7.8159375,13.918706,74.92292,10.363028
1.9266666,9.660374,12.060459,69.04988,10.93733
1.93,7.9567986,8.092431,73.94082,10.147628
1.9333333,9.168961,11.625485,69.81191,11.597106
1.9366666,10.4433775,11.375936,64.960724,12.955776
1.94,8.970922,9.609795,69.7668,10.206369
1.9433334,8.269529,10.617997,71.91734,10.571838
1.9466667,8.306744,10.021799,73.30641,11.785321
1.95,8.9306,9.085326,70.83491,11.204566
1.9533334,8.293067,12.859395,70.20067,11.11613
1.9566667,9.653636,12.432933,67.50362,10.654611
1.96,7.1265945,11.246808,76.94169,10.901385
1.9633334,9.239957,10.773796,72.06505,10.968169
1.9666667,9.266031,10.541446,68.13266,11.412113
1.97,7.4932303,8.999231,73.1084,10.976188
1.9733334,9.579894,14.757336,71.06651,11.343302
1.9766667,7.2666507,11.993305,77.93499,10.412912
1.98,9.95179,10.331918,73.63309,9.698308
1.9833333,9.618504,11.290169,70.033806,10.342384
1.9866667,8.905413,8.437151,68.37426,13.505123
1.99,7.2547026,15.024011,73.57199,11.256727
1.9933333,10.042462,9.566876,67.99226,9.64499
1.9966667,9.34967,9.32066,67.916405,10.310051
2.0,9.387326,11.9809675,64.82207,12.6371155
2.0033333,7.8283067,12.867949,70.16629,10.376626
2.0066667,11.447493,9.747432,66.40864,12.016728
2.01,7.690345,9.550256,71.64639,10.345159
2.0133333,10.180042,10.161034,67.23762,11.242367
2.0166667,6.811734,9.568334,76.55379,11.961407
2.02,11.748159,9.383866,69.657074,10.859071
2.0233333,10.141903,11.959128,66.86748,10.09774
2.0266666,7.874598,8.57138,70.0853,10.776193
2.03,10.564325,12.831604,66.567955,12.78457
2.0333333,10.14143,7.95629,63.949467,10.019351
2.0366666,8.6343775,14.228427,68.28949,13.207387
2.04,9.428813,10.82052,65.03908,13.297919
2.0433333,8.267805,8.501866,71.87544,12.643031
2.0466666,10.637726,11.932632,66.567444,11.422166
2.05,7.2000704,11.06209,73.69468,12.95241
2.0533333,10.5886135,9.969992,68.32938,12.191035
2.0566666,9.356052,11.10074,65.78475,11.095033
2.06,9.213604,10.32429,63.967922,11.678695
2.0633333,10.110184,13.395499,62.123844,11.244585
2.0666666,9.815065,7.864131,60.958878,11.052272
2.07,8.848908,15.028438,62.981575,12.597219
2.0733333,9.264334,10.349209,63.529762,10.531309
2.0766666,10.163246,9.883246,65.615074,9.79004
2.08,9.934236,8.826605,63.559135,12.075858
2.0833333,8.495211,11.093049,65.07767,11.046166
2.0866666,9.748616,6.2100344,62.61209,11.382723
2.09,7.332977,20.115885,73.51107,10.501005
2.0933332,12.98859,13.167959,67.19719,11.695975
2.0966666,9.378912,11.390444,75.67714,10.381343
2.1,8.564884,8.626405,76.509514,11.093273
2.1033332,9.424871,11.204661,72.78656,10.864493
2.1066666,8.403534,8.99343,73.32549,11.7207775
2.11,9.449963,9.275167,71.49443,11.046288
2.1133332,8.141365,10.941069,73.66536,12.921919
2.1166666,9.601426,8.970819,71.13085,11.172474
2.12,8.28994,11.781523,72.303474,12.403154
2.1233332,8.500101,8.261577,71.36423,12.360668
2.1266668,9.015752,13.311762,70.86415,11.126517
2.13,6.91734,8.80307,80.08361,11.523701
2.1333334,11.673678,12.299663,76.37864,10.482
2.1366668,7.5897465,12.199257,78.91655,9.031818
2.14,10.609027,11.291248,73.93366,10.337189
2.1433334,8.490263,12.329179,71.82365,13.265587
2.1466668,9.623069,8.429973,68.48849,12.376437
2.15,9.226779,14.687696,66.7854,12.086521
2.1533334,8.473878,8.906524,68.49431,14.051387
2.1566668,9.788129,11.114985,68.77368,10.750336
2.16,8.075119,8.34166,73.18592,12.59712
2.1633334,9.843361,12.863083,70.92945,12.68911
2.1666667,8.749864,11.928263,67.94194,13.165146
2.17,9.729865,10.796307,68.67913,13.241926
2.1733334,8.45294,10.342359,68.57934,12.431073
2.1766667,8.683645,8.010301,67.34513,12.076804
2.18,10.587851,15.223943,62.82536,10.6838875
2.1833334,9.773762,10.161264,63.353676,11.740881
2.1866667,8.583098,9.755221,69.50051,14.04208
2.19,8.731662,9.669583,70.69741,10.59122
2.1933334,11.398329,9.3212805,65.32074,12.892458
2.1966667,7.6439886,9.999366,70.170265,11.986457
2.2,10.371771,11.228796,66.34488,11.748136
2.2033334,8.763525,8.788834,66.03409,10.503284
2.2066667,9.82763,10.4841385,63.309753,11.941743
2.21,8.434551,11.183015,64.19675,11.823917
2.2133334,10.811016,8.224822,62.922348,12.239903
2.2166667,7.490932,12.486179,70.39817,11.316809
2.22,10.618734,7.4294653,64.277435,12.432001
2.2233334,10.709374,16.675402,64.8239,13.367604
2.2266667,7.148303,9.720062,73.3637,10.939936
2.23,11.428334,12.672778,74.228264,12.072795
2.2333333,7.6767173,8.124441,78.44334,12.375746
2.2366667,11.017936,12.4962,71.627914,10.583996
2.24,8.866559,11.55534,70.90467,12.561407
2.2433333,8.094979,10.1051655,77.95652,12.837043
2.2466667,10.059574,10.96442,71.24671,12.733312
2.25,9.446487,9.549525,69.6725,11.231565
2.2533333,9.971045,10.822983,65.76598,11.425446
2.2566667,6.5647254,10.283893,79.08294,10.762987
2.26,13.851765,11.285969,73.48365,11.215563
2.2633333,9.072979,9.550175,72.109,12.389429
2.2666667,10.923825,9.728092,67.60748,13.458045
2.27,9.211701,14.352034,64.087166,13.787638
2.2733333,10.016872,9.472539,65.60207,12.814414
2.2766666,8.234565,11.003463,66.082184,14.008129
2.28,10.945505,7.2327843,63.012646,12.628281
2.2833333,9.231056,15.713996,65.05735,14.211568
2.2866666,7.081838,11.06382,74.07393,11.953245
2.29,12.799314,10.169159,74.54974,15.548088
2.2933333,9.764061,10.10967,67.97965,11.807944
2.2966666,10.391751,11.376633,63.061466,13.37434
2.3,10.0569315,11.137628,61.866585,11.065159
2.3033333,11.156538,8.735462,60.11217,10.78043
2.3066666,8.235807,11.378551,65.00731,11.877414
2.31,10.164575,9.684873,62.56768,10.92978
2.3133333,9.111026,9.014689,66.37002,13.350086
2.3166666,11.113672,10.29819,63.998436,13.004632
2.32,9.38851,8.95432,64.524864,13.042453
2.3233333,11.049988,10.90869,62.116528,13.201238
2.3266666,9.994616,10.707663,59.551632,10.673946
2.33,8.80011,7.7531195,62.21036,12.553169
2.3333333,10.723949,15.734909,60.55655,12.944547
2.3366666,9.800976,11.603447,59.39803,13.448932
2.34,10.09055,9.50426,62.683746,11.050258
2.3433332,8.90588,9.210137,65.17887,12.575198
2.3466666,9.234835,9.721461,64.57349,10.664302
2.35,8.57807,7.786214,66.44303,9.538696
2.3533332,10.045182,16.27063,65.370575,13.209126
2.3566666,9.766463,11.915724,62.41911,13.98786
2.36,8.7185755,9.378983,69.59601,13.024204
2.3633332,11.405994,12.1189,67.16022,12.877797
2.3666666,8.644411,9.877554,66.76694,11.201462
2.37,12.377528,8.250583,65.19547,13.3543
2.3733332,6.932736,12.849659,75.49533,10.8982725
2.3766668,11.628839,8.854287,68.90719,13.670594
2.38,10.670968,12.245132,68.84564,11.16233
2.3833334,9.966204,9.971939,66.49761,13.343116
2.3866668,9.784387,12.083541,65.81838,11.812924
2.39,10.505988,8.44468,63.088326,13.490038
2.3933334,10.515272,12.094253,61.761707,13.440345
2.3966668,9.233947,9.276787,60.44391,12.507047
2.4,9.140591,11.811916,63.829563,13.47836
2.4033334,9.599259,9.905714,62.930603,12.904225
2.4066668,10.181388,9.027183,63.418556,12.604643
2.41,11.014569,10.900685,60.153324,12.410219
2.4133334,10.969543,10.015902,58.116154,13.6078615
2.4166667,8.541044,9.075796,62.519382,13.134678
2.42,9.055589,10.17089,61.823544,14.27658
2.4233334,9.41035,7.7477717,59.939426,12.9617
2.4266667,10.744542,13.977261,59.246986,14.308479
2.43,9.92487,11.537497,59.058964,15.307524
2.4333334,9.787505,9.308213,63.805317,14.138475
2.4366667,9.383943,11.221532,62.940857,14.513535
2.44,10.823815,8.753174,61.107502,15.192264
2.4433334,10.155823,12.007583,59.205555,15.436442
2.4466667,11.389008,8.135059,57.005394,13.326967
2.45,9.8970375,14.693869,59.52915,14.058185
2.4533334,11.715346,9.7361145,58.12636,13.524089
2.4566667,11.53572,9.5223,60.331802,14.836037
2.46,9.621506,10.161726,61.442318,13.655772
2.4633334,10.255805,7.273201,59.83392,13.168774
2.4666667,8.62725,15.910641,61.88614,12.375786
2.47,10.710938,10.43017,59.754368,12.772726
2.4733334,9.488809,8.220272,65.32817,13.60366
2.4766667,9.97805,12.480276,63.56198,12.032786
2.48,9.894524,10.031151,61.71045,13.063711
2.4833333,11.026278,9.88774,63.07147,11.229204
2.4866667,9.592896,8.580782,61.62078,11.744433
2.49,10.267692,12.976624,60.639713,13.346647
2.4933333,10.437004,7.7587633,60.215683,11.613601
2.4966667,9.850691,12.503467,62.04034,14.925003
2.5,11.254448,9.021334,60.568607,11.606658
2.5033333,9.217077,9.752897,66.43814,12.561108
2.5066667,10.920037,10.626174,63.279743,12.366462
2.51,10.510699,8.024346,61.510506,15.262216
2.5133333,9.113692,13.412514,63.02777,9.973192
2.5166667,10.450913,8.658223,59.48932,14.521683
2.52,11.016316,11.353,61.9627,14.258622
2.5233333,10.073251,8.762273,62.423668,14.855972
2.5266666,9.806365,10.788567,63.40723,13.987679
2.53,11.354089,7.88903,59.322163,14.904117
2.5333333,8.773122,13.958731,65.004906,11.6043415
2.5366666,11.405767,11.524149,62.193237,15.36805
2.54,10.086468,8.794875,64.47462,13.891908
2.5433333,10.583583,10.557212,63.60278,14.281823
2.5466666,11.192193,8.558744,61.097477,13.914902
2.55,9.537983,11.752491,62.887066,14.585805
2.5533333,8.259548,8.456988,65.92428,13.725098
2.5566666,11.829504,10.471673,65.649155,14.374825
2.56,10.769558,9.368853,62.982006,13.541729
2.5633333,11.373673,10.040446,63.372868,14.060699
2.5666666,10.200422,8.968762,61.940845,12.457659
2.57,10.253882,9.161547,62.967644,14.785965
2.5733333,11.2369995,10.570233,60.29391,14.022151
2.5766666,10.859432,8.612177,61.80481,13.87899
2.58,10.832093,10.514324,62.280956,13.94834
2.5833333,11.125001,8.856642,60.000435,12.1517
2.5866666,10.390183,11.305291,61.865913,13.817906
2.59,12.017938,9.231239,60.52104,14.212282
2.5933332,8.859379,11.573364,62.065723,12.983946
2.5966666,9.609045,8.160308,60.76713,12.746687
2.6,9.978601,14.18172,60.578163,13.034595
2.6033332,10.755849,8.237463,58.08849,13.007982
2.6066666,12.773824,14.056975,61.304157,14.026353
2.61,11.507945,7.3618307,60.497917,11.361202
2.6133332,12.540016,15.369866,61.52086,12.4032
2.6166666,11.264803,10.342162,60.639053,10.687954
2.62,12.085869,10.45286,65.56814,11.240695
2.6233332,10.46207,6.997671,62.435684,12.370843
2.6266668,10.970177,16.301208,60.399326,13.674843
2.63,10.504895,8.329814,59.177586,13.549252
2.6333334,12.209025,11.1788435,66.41333,13.033581
2.6366668,11.509338,8.150976,66.07274,13.661649
2.64,11.128144,13.058664,66.293816,12.886558
2.6433334,10.969334,10.295595,64.00002,11.969686
2.6466668,9.39129,8.804991,66.99963,14.8459015
2.65,11.04148,10.106388,63.326183,12.3179
2.6533334,10.439531,8.107504,61.850185,15.768369
2.6566668,12.974796,14.556549,61.647243,12.861965
2.66,10.817756,11.40445,61.359467,17.105497
2.6633334,10.890235,9.4894285,62.74437,14.017989
2.6666667,10.838254,9.384738,59.24152,16.981997
2.67,11.995866,10.839374,57.10002,15.85821
2.6733334,10.397794,7.4348445,58.0676,17.087961
2.6766667,11.089606,13.322581,58.250957,14.136511
2.68,11.188132,7.909064,56.72411,17.034304
2.6833334,10.9277725,12.387589,62.355835,13.955645
2.6866667,11.71985,9.562918,60.839146,14.221078
2.69,10.033791,9.03814,64.0996,13.702005
2.6933334,10.337359,9.516691,60.98202,12.90133
2.6966667,10.773242,9.887077,59.196144,13.745071
2.7,12.093956,9.0372925,60.12513,13.1383915
2.7033334,11.092948,8.951341,58.23642,13.876643
2.7066667,12.597162,10.800862,58.589783,14.996277
2.71,10.978606,9.831676,60.41259,12.740148
2.7133334,10.607252,8.991645,61.17963,12.187455
2.7166667,10.167773,11.000565,59.30918,12.30893
2.72,10.761647,6.412119,58.496006,12.712072
2.7233334,11.88936,17.167366,60.310104,14.423584
2.7266667,13.298969,10.009061,59.076588,13.937555
2.73,9.201684,9.835547,69.32743,14.186324
2.7333333,11.439822,10.562771,67.42517,15.985245
2.7366667,10.95393,10.053602,62.785213,12.662395
2.74,9.659829,9.509144,61.111027,14.516062
2.7433333,9.622897,11.074741,60.185745,15.322007
2.7466667,13.16784,7.8188534,59.72376,13.624902
2.75,11.377902,13.625453,61.413643,16.044899
2.7533333,10.699219,9.677365,60.247154,14.683037
2.7566667,10.275936,9.431542,64.61576,15.124142
2.76,11.947971,9.548562,64.68178,14.067568
2.7633333,12.184211,9.999238,62.185596,15.260969
2.7666667,12.064988,10.477695,59.70774,14.273331
2.77,10.751995,9.374377,58.656178,16.001251
2.7733333,9.6186,10.407535,57.636726,13.8033905
2.7766666,12.871581,9.870255,57.743603,15.412224
2.78,11.120522,8.086356,57.309196,14.435876
2.7833333,12.976314,14.179831,56.62355,16.551144
2.7866666,12.627225,13.553587,57.60232,12.813654
2.79,9.976618,9.099791,61.538517,15.300047
2.7933333,11.835051,9.149785,61.092106,13.7773905
2.7966666,8.8715725,11.002341,62.864216,15.226477
2.8,12.103744,7.7701426,62.05787,13.698591
2.8033333,11.270004,14.792675,62.951454,15.374395
2.8066666,11.768899,9.348077,61.213486,13.067496
2.81,11.241289,11.269014,62.95061,14.9900465
2.8133333,11.932285,10.040344,60.69598,14.138132
2.8166666,10.545063,8.1540365,58.216927,13.938633
2.82,12.066096,12.003141,55.325653,15.145384
2.8233333,11.81241,8.777664,54.674442,14.620669
2.8266666,11.419856,11.227697,58.069786,16.980036
2.83,9.580453,7.942125,56.81572,15.359934
2.8333333,11.697918,15.239689,59.84438,18.13617
2.8366666,10.7178755,10.548672,59.01675,14.417741
2.84,10.906742,8.849366,62.58358,15.89948
2.8433332,10.54987,9.941308,61.00326,13.637835
2.8466666,11.815205,8.559046,57.488205,16.017262
2.85,10.442463,12.086192,56.10115,14.831773
2.8533332,10.630813,10.099395,55.58949,15.101489
2.8566666,10.4577465,8.720057,57.014313,13.981787
2.86,11.785839,11.374712,56.73598,13.986805
2.8633332,11.550127,8.278637,56.716976,15.385192
2.8666666,11.451494,13.043798,56.91298,14.713377
2.87,11.719964,8.948124,53.70526,15.414637
2.8733332,10.856743,11.01083,57.69051,15.1700535
2.8766668,10.715638,7.9815755,57.849674,16.459246
2.88,13.050477,13.916845,60.996517,13.704036
2.8833334,12.691349,10.44487,59.268513,15.90284
2.8866668,12.231896,9.515705,61.88022,15.470727
2.89,12.028362,9.928567,60.00229,15.145826
2.8933334,11.200314,11.564495,58.27039,15.677327
2.8966668,12.329776,8.468237,58.126842,14.162861
2.9,12.452455,10.747216,58.293686,15.652519
2.9033334,8.842367,8.712298,59.86679,14.830104
2.9066668,11.020419,12.67424,61.25097,14.348821
2.91,9.9411545,8.289499,60.720757,14.653695
2.9133334,10.046002,10.53026,62.125225,15.856824
2.9166667,13.440708,9.980435,60.06915,14.311261
2.92,12.849751,7.8272886,62.35099,16.519009
2.9233334,13.61338,13.8401375,61.3841,17.077898
2.9266667,12.09708,9.201115,57.395,14.69368
2.93,10.413641,9.857279,61.188644,15.308156
2.9333334,12.847043,10.231962,61.245567,12.716168
2.9366667,10.402948,11.330786,60.71176,15.145352
2.94,11.790598,9.784789,60.222042,12.378256
2.9433334,11.716106,11.019567,59.76753,15.617166
2.9466667,10.4861965,8.250713,58.16092,15.618132
2.95,12.305624,11.970989,59.789017,15.111206
2.9533334,10.708461,10.016264,57.91471,16.697647
2.9566667,12.737122,8.651134,61.843697,16.57251
2.96,12.659504,11.445621,60.376038,17.294182
2.9633334,11.422593,7.687108,60.429653,15.467588
2.9666667,13.6650505,13.409785,61.951466,15.191922
2.97,14.097334,11.20378,61.04372,17.617535
2.9733334,12.743698,9.3764305,65.25565,14.451289
2.9766667,9.891921,10.270439,62.81204,16.51222
2.98,11.588297,9.716471,60.30554,13.722926
2.9833333,12.401128,10.503705,61.240597,18.486258
2.9866667,11.691103,7.576658,58.194664,15.004812
2.99,12.91829,12.772782,59.549023,17.597015
2.9933333,12.307446,8.331728,60.1117,15.298264
2.9966667,11.621027,13.167567,63.286568,16.554678
3.0,10.485344,8.572512,62.11776,15.073727
3.0033333,10.603607,11.839637,62.95784,18.284922
3.0066667,10.945767,9.125356,61.28999,15.999556
3.01,10.390478,10.285478,61.278694,17.828005
3.0133333,12.392444,10.179367,60.007534,15.41776
3.0166667,11.803046,8.591928,59.40494,15.7568035
3.02,10.047568,11.109836,57.283394,15.760924
3.0233333,12.29212,10.279304,55.06279,16.07625
3.0266666,11.317607,8.940362,56.5883,17.140429
3.03,12.979657,11.655638,56.871624,16.23105
3.0333333,13.792447,7.9325585,57.28644,17.530556
3.0366666,12.93602,13.949676,59.621662,16.45345
3.04,13.341331,10.086079,58.07035,18.115026
3.0433333,12.887645,10.2314625,63.400837,16.988813
3.0466666,13.748147,8.98711,62.75157,17.457468
3.05,13.162058,9.236399,60.78105,16.493961
3.0533333,12.0701,10.988106,59.350983,17.448044
3.0566666,13.149822,10.226292,60.708027,17.389635
3.06,11.828349,9.376967,60.36333,17.656296
3.0633333,13.376098,10.318636,58.481525,17.227476
3.0666666,12.654301,9.584188,58.111023,15.567508
3.07,11.91068,7.930377,58.044846,16.287909
3.0733333,14.299065,11.70897,57.062542,15.821711
3.0766666,12.53272,9.348532,58.612,16.664015
3.08,11.710133,9.306442,61.84936,15.272459
3.0833333,11.906604,9.983717,60.12374,14.681035
3.0866666,12.353983,10.121737,57.402542,15.522666
3.09,12.362651,9.777794,57.090725,14.356238
3.0933332,13.021559,8.372964,58.212025,14.340648
3.0966666,12.028568,10.705534,55.93178,14.337054
3.1,12.668358,6.9956017,56.825764,15.864368
3.1033332,12.881753,15.604836,58.850967,15.628748
3.1066666,13.2428665,8.702234,58.445427,14.776843
3.11,13.612558,12.317252,67.71559,14.527359
3.1133332,11.943682,7.608117,62.75502,14.968848
3.1166666,14.459227,13.821262,65.01215,13.293224
3.12,13.5727415,8.549523,62.422203,14.704476
3.1233332,11.61659,12.093092,65.81495,14.154713
3.1266668,12.266383,8.767026,63.48575,16.57212
3.13,13.716125,11.144475,65.42649,13.969248
3.1333334,11.026866,8.158204,62.613808,15.295084
3.1366668,13.217636,11.484185,63.639923,15.810341
3.14,13.705006,8.963646,63.610954,14.490265
3.1433334,14.020014,11.324114,65.98492,17.005283
3.1466668,11.47211,8.589033,63.662846,16.252523
3.15,13.993006,10.679677,63.571163,17.139788
3.1533334,13.123871,7.5596576,61.55498,17.154604
3.1566668,13.392061,17.017525,62.694393,16.137434
3.16,13.428932,9.461476,60.037544,17.988592
3.1633334,11.857371,10.001984,62.750877,16.08002
3.1666667,12.205444,8.060676,63.953697,17.023535
3.17,13.330271,13.409299,61.999355,17.984404
3.1733334,13.644234,11.333392,59.256752,14.793618
3.1766667,11.941713,7.4412494,63.380432,16.853737
3.18,12.285694,14.908712,62.079792,16.353197
3.1833334,12.989705,11.047602,61.113533,19.03548
3.1866667,12.113558,8.704507,64.1086,13.796167
3.19,12.616769,10.818715,63.491173,18.302954
3.1933334,11.876803,8.229737,61.25875,14.07652
3.1966667,11.604648,13.583757,63.18201,15.473544
3.2,10.637983,8.94964,59.979954,15.393302
3.2033334,12.762973,11.261977,62.289272,15.746044
3.2066667,12.585556,8.158028,59.72384,17.06899
3.21,13.20054,12.869109,59.785404,16.764719
3.2133334,12.919095,9.781033,60.05419,18.051565
3.2166667,12.651873,8.969305,62.64972,16.23776
3.22,12.15903,10.863489,60.831367,17.260122
3.2233334,13.304816,9.757994,59.29246,17.312033
3.2266667,13.63546,9.015007,60.029,18.439682
3.23,12.66612,11.506258,59.247482,15.903481
3.2333333,11.26633,10.135203,58.82912,18.017544
3.2366667,10.548878,10.326811,60.57423,17.468538
3.24,13.298907,9.237302,58.445404,16.832445
3.2433333,12.62849,9.8436985,57.270134,17.663885
3.2466667,14.358157,9.88273,57.768513,15.572971
3.25,13.120597,8.411814,59.12399,16.750586
3.2533333,13.043338,12.6691475,57.271458,15.566834
3.2566667,13.540366,10.273724,56.26039,19.431103
3.26,14.396007,9.469173,59.715115,16.413612
3.2633333,12.560467,10.33649,58.03568,18.135427
3.2666667,13.700805,9.421735,58.827015,15.839542
3.27,14.3728075,10.091627,60.556152,18.923895
3.2733333,13.045481,9.404257,58.868366,16.57747
3.2766666,12.235062,9.149207,59.272675,18.687368
3.28,12.2338705,9.918667,57.909687,14.981123
3.2833333,13.562959,10.281815,57.380688,19.553673
3.2866666,13.959352,10.099136,57.57944,14.8003845
3.29,12.292658,10.058784,56.21612,19.543995
3.2933333,12.867443,9.379542,56.946022,16.468943
3.2966666,12.141644,11.200811,56.31035,19.056173
3.3,12.777435,7.2948775,56.84529,17.195004
3.3033333,12.247188,14.679548,58.738266,17.455719
3.3066666,13.86165,11.357596,59.159103,16.607151
3.31,13.209334,7.371307,67.01002,17.11762
3.3133333,12.911427,15.765432,65.657326,17.032404
3.3166666,12.330072,9.980032,60.654713,18.266546
3.32,11.323415,7.9555807,66.29015,17.056265
3.3233333,11.481522,13.838106,64.55648,18.266245
3.3266666,13.210096,9.162793,64.32456,16.44421
3.33,13.053196,10.5934925,63.641598,17.958866
3.3333333,12.726423,9.186364,61.364895,17.054436
3.3366666,14.613544,11.021259,62.9397,17.781706
3.34,14.318866,7.5510054,62.335484,18.784039
3.3433332,12.1069,17.210474,62.576626,19.57578
3.3466666,12.404255,12.175014,58.761925,18.60274
3.35,12.9592285,8.215416,63.45518,18.417713
3.3533332,14.038376,13.457583,63.323578,17.31085
3.3566666,13.762078,9.303658,59.95631,19.213808
3.36,13.228732,10.031033,63.20347,16.906118
3.3633332,13.705908,9.698933,61.43583,19.074223
3.3666666,12.6984825,9.033982,62.462902,15.281691
3.37,15.3005495,11.807153,60.953556,17.655628
3.3733332,14.291296,9.452147,61.92481,15.718961
3.3766668,12.531634,10.571241,62.925804,18.18067
3.38,12.510109,10.332012,60.146854,16.186695
3.3833334,14.130388,9.607165,58.965187,15.730959
3.3866668,12.051053,9.825121,56.747314,15.851366
3.39,12.964855,8.537982,55.99884,15.909871
3.3933334,15.862605,11.241387,59.83515,17.535606
3.3966668,13.522101,8.753407,58.777546,15.280938
3.4,13.361766,10.980221,62.10324,17.372253
3.4033334,15.454872,9.433339,62.020634,17.592852
3.4066668,13.542472,11.6737175,62.191547,17.491617
3.41,11.56847,9.238641,60.907936,18.550884
3.4133334,13.836673,10.806926,60.975487,17.767998
3.4166667,14.062827,8.507185,58.71011,20.102999
3.42,13.250592,11.720276,60.18132,15.624678
3.4233334,13.413924,9.033914,60.96864,20.578785
3.4266667,12.523037,9.713894,61.515186,17.409143
3.43,12.2151375,8.757485,59.17366,18.065456
3.4333334,13.370685,10.633402,59.698055,16.16111
3.4366667,13.16665,8.626625,61.19727,16.642036
3.44,13.715849,10.440394,63.65689,18.085464
3.4433334,14.343006,9.876503,62.326115,17.791277
3.4466667,12.559701,9.326364,63.767574,18.546234
3.45,13.055332,12.163295,62.83835,17.304525
3.4533334,13.955043,9.826155,60.171364,18.103977
3.4566667,14.802505,11.382854,61.433384,17.073269
3.46,14.136451,9.362595,60.952877,18.416378
3.4633334,13.514775,8.875076,60.09639,18.147425
3.4666667,12.779348,11.406099,58.574696,16.88951
3.47,12.844986,8.717352,60.561604,17.066023
3.4733334,14.412818,11.442395,62.413025,16.94184
3.4766667,12.244759,8.761625,58.22098,17.95484
3.48,11.741064,11.451607,60.20118,18.72781
3.4833333,13.284876,7.7251353,58.473156,18.193487
3.4866667,15.116583,14.515847,60.964733,18.876026
3.49,14.44741,8.267893,61.000366,18.190882
3.4933333,13.603524,13.166566,64.10799,18.58547
3.4966667,12.79446,10.714636,63.189724,18.694744
3.5,13.353614,9.588751,65.56417,19.025497
3.5033333,14.1771145,10.271591,64.40329,18.7745
3.5066667,14.7430935,8.972796,62.96648,19.706137
3.51,13.213979,11.062631,61.70772,18.992495
3.5133333,12.791206,10.608861,59.622566,19.027704
3.5166667,13.160477,10.608476,60.428226,18.947227
3.52,11.580817,8.933101,59.250282,18.779333
3.5233333,13.271298,12.86197,57.969025,16.965359
3.5266666,12.914911,10.452585,56.867016,17.485676
3.53,12.876397,8.078319,58.09985,18.24815
3.5333333,12.616519,11.724507,57.70507,17.848663
3.5366666,13.32239,9.174411,58.08903,16.502039
3.54,14.709526,11.543678,62.019028,18.702005
3.5433333,14.226546,9.704593,59.048798,17.880398
3.5466666,12.808782,10.120002,57.94579,18.768734
3.55,14.889275,9.39391,59.512363,16.954756
3.5533333,16.18361,10.126248,60.784485,19.049065
3.5566666,15.401877,10.500641,61.857635,18.628046
3.56,13.544645,8.079775,62.288918,18.945246
3.5633333,14.477832,13.764492,62.162872,18.800564
3.5666666,12.293802,9.374314,58.482212,19.489332
3.57,14.950502,10.671072,63.27697,18.710245
3.5733333,13.067564,8.215449,62.272232,18.825575
3.5766666,15.102558,12.322336,63.869812,18.377699
3.58,11.788769,8.689143,61.601746,19.193867
3.5833333,14.139704,11.523902,63.8138,17.439388
3.5866666,14.590198,9.00222,63.191723,18.037006
3.59,12.786973,10.454709,62.164597,17.26163
3.5933332,14.045409,6.9801297,59.469803,18.4939
3.5966666,12.694247,16.300543,61.661846,18.05249
3.6,13.034208,11.419637,59.83266,19.083654
3.6033332,12.019688,8.586582,66.265755,19.389711
3.6066666,12.888465,11.02072,65.88659,19.700636
3.61,13.457928,8.890577,63.872887,19.493013
3.6133332,14.236674,10.70017,66.404305,18.723013
3.6166666,14.65577,8.907792,64.10225,18.337334
3.62,15.270032,11.762115,63.95997,19.204317
3.6233332,14.069385,9.123104,63.13948,18.764427
3.6266668,13.323136,10.430559,64.45238,18.709824
3.63,12.684235,9.290814,61.422356,17.61151
3.6333334,14.395311,9.155724,62.728943,19.163752
3.6366668,12.975202,11.486542,62.899174,17.298912
3.64,13.4816,9.348454,62.498184,17.347189
3.6433334,13.634476,10.095386,63.615753,18.288858
3.6466668,14.406633,9.769146,61.986034,19.872587
3.65,14.490855,8.673376,60.36071,19.686293
3.6533334,14.56691,12.020299,59.12383,19.148659
3.6566668,13.225188,8.854106,58.224567,20.907333
3.66,12.813931,11.745877,59.581593,18.058054
3.6633334,13.255642,9.001347,60.036594,20.480211
3.6666667,14.437733,9.113775,62.77539,17.900013
3.67,13.368179,10.178246,60.37202,20.257273
3.6733334,13.428145,8.857668,62.64327,18.776392
3.6766667,15.189043,13.507292,63.679173,20.573812
3.68,14.833611,10.424523,61.64577,17.84144
3.6833334,15.576906,6.8296375,63.86575,19.256927
3.6866667,14.148826,17.038267,63.4228,17.387772
3.69,14.285268,12.537499,62.268097,18.385475
3.6933334,15.868473,9.299115,70.48021,17.95919
3.6966667,13.911447,10.767044,68.73475,19.013453
3.7,14.60002,11.33399,68.160835,18.120724
3.7033334,14.18381,7.7090397,66.29556,19.251633
3.7066667,13.839843,14.486143,62.52852,16.65584
3.71,11.735667,11.584149,59.53,18.645187
3.7133334,14.822058,7.536425,66.083694,19.26859
3.7166667,14.873467,14.325292,65.925026,19.108932
3.72,15.174998,10.253545,66.34494,18.27705
3.7233334,15.373309,9.8117695,69.78425,19.961437
3.7266667,13.768463,10.471595,66.39416,17.821304
3.73,15.690879,7.996311,66.35986,17.41617
3.7333333,16.011814,14.672951,66.47346,17.682932
3.7366667,14.568925,10.96347,64.83801,18.215595
3.74,13.021976,10.141497,64.634315,18.719858
3.7433333,16.11667,9.940301,64.49585,18.484154
3.7466667,14.767673,9.794594,64.42266,17.91258
3.75,16.137209,10.12681,64.01744,20.47278
3.7533333,16.899376,10.490774,64.79365,20.04602
3.7566667,14.587483,10.027581,65.35439,19.741077
3.76,13.69409,10.377465,61.75484,20.239029
3.7633333,13.459195,6.9427905,60.475132,19.302938
3.7666667,13.05685,17.4531,61.209255,17.961765
3.77,15.0361395,9.127421,62.209408,19.274422
3.7733333,12.826259,9.821708,68.14677,19.347622
3.7766666,14.791476,8.100038,67.07077,17.518213
3.78,15.41195,12.561246,67.77407,18.98062
3.7833333,14.186565,8.122727,66.0659,18.601767
3.7866666,14.706765,13.60778,69.06875,19.509949
3.79,15.109769,9.569462,65.1926,17.62983
3.7933333,13.359578,10.189695,66.7435,18.964275
3.7966666,14.877171,7.7210617,65.33178,18.256866
3.8,15.588314,13.936229,65.5933,20.575737
3.8033333,15.357938,10.824294,63.853096,18.164274
3.8066666,13.974834,7.9498034,66.23515,19.758183
3.81,13.58115,13.430392,65.00275,18.406752
3.8133333,15.113415,10.195945,62.954548,20.634127
3.8166666,14.119292,11.321879,66.76204,19.164686
3.82,14.035669,9.572511,66.69885,21.067305
3.8233333,14.844805,9.202886,63.534878,21.065956
3.8266666,14.312122,10.6875305,60.82047,19.50331
3.83,14.111445,9.092299,61.342945,20.422962
3.8333333,15.025068,9.455415,61.724564,19.807411
3.8366666,13.154612,10.52424,60.892677,21.197355
3.84,14.809986,9.71951,60.747036,19.32385
3.8433332,13.349147,8.581231,61.51865,21.491209
3.8466666,13.674156,12.062907,60.904793,19.521767
3.85,15.893209,9.961348,62.699936,22.172594
3.8533332,15.535356,10.763495,64.64063,20.623247
3.8566666,16.669003,11.467922,64.27349,20.312754
3.86,15.588474,9.526466,62.500652,21.192165
3.8633332,15.058724,10.256304,61.703484,21.065609
3.8666666,14.516576,8.084661,60.731575,20.752974
3.87,16.195152,14.200519,64.32321,21.562923
3.8733332,17.721758,11.445541,63.853508,21.65772
3.8766668,13.766415,9.234109,65.75922,19.415394
3.88,15.15454,10.53506,64.551506,21.143873
3.8833334,15.12179,10.000774,63.914276,18.762302
3.8866668,12.897912,8.957033,63.601547,21.102318
3.89,14.3546295,8.914246,63.70674,21.000687
3.8933334,14.810769,12.011861,61.725304,19.074951
3.8966668,14.921688,8.665668,63.3076,20.673939
3.9,15.647924,11.19439,65.188515,20.598747
3.9033334,15.862236,9.025337,66.73677,19.059525
3.9066668,15.188513,11.084405,68.025826,20.88471
3.91,15.505594,9.072867,64.70095,19.479334
3.9133334,13.804441,11.406251,64.29549,19.783209
3.9166667,15.301312,9.550477,63.418488,20.218826
3.92,15.652383,8.998379,65.925575,18.509062
3.9233334,14.533422,9.882749,62.974,20.075912
3.9266667,15.953045,10.454227,64.81209,19.299095
3.93,16.047117,10.56315,66.67312,20.763348
3.9333334,14.975823,9.098222,65.14737,21.126528
3.9366667,14.095048,12.115789,64.69192,20.672485
3.94,15.039483,8.137319,64.39491,20.920828
3.9433334,15.371748,14.494107,64.83945,19.668806
3.9466667,14.954461,12.9672575,62.681267,21.145193
3.95,14.286493,9.8169565,66.45455,19.586615
3.9533334,16.550522,8.778711,66.715996,20.978622
3.9566667,15.641357,10.371675,66.681915,20.884872
3.96,15.141583,8.439433,66.114746,20.728334
3.9633334,14.558256,11.418591,66.20924,19.401342
3.9666667,14.553288,9.233851,65.14656,21.983822
3.97,15.559797,9.616092,69.60357,19.515629
3.9733334,15.170355,10.830862,67.613785,20.871351
3.9766667,15.66746,10.926372,66.71643,19.27421
3.98,15.035828,9.496804,67.13688,21.03844
3.9833333,13.526995,10.12017,62.745502,19.181232
3.9866667,14.892329,9.113031,63.830784,23.235626
3.99,13.191883,10.951371,62.86248,21.632826
3.9933333,15.829749,9.593789,63.494976,21.664696
3.9966667,16.338923,10.818938,63.84851,20.639748
4.0,15.452715,9.125814,64.96094,21.969646
4.0033336,16.480862,10.854972,64.942505,21.047955
4.0066667,16.027012,8.904223,64.5574,19.798468
4.01,14.585551,9.9070835,63.67891,21.363506
4.0133333,15.27449,10.250591,62.148884,18.729036
4.016667,16.13574,8.776888,64.403015,21.380878
4.02,15.297112,11.187984,64.06084,17.670885
4.0233335,16.253923,9.769853,64.04343,21.032324
4.0266666,17.194288,11.298911,65.8373,18.151157
4.03,14.736211,9.162677,63.851936,20.726492
4.0333333,12.812352,12.203012,61.97637,19.647945
4.036667,15.692335,9.663644,62.928387,21.47641
4.04,14.749908,11.029239,63.67052,18.966167
4.0433335,14.200473,10.770631,62.896255,18.70894
4.0466666,15.194834,8.809474,64.61943,20.086208
4.05,15.913304,11.395486,65.42713,19.504786
4.0533333,16.128923,7.158118,63.595104,18.95054
4.056667,15.01194,16.474155,64.49196,20.035824
4.06,15.386383,12.373531,65.48232,17.197786
4.0633335,16.638016,10.924018,72.72478,19.285528
4.0666666,15.483282,9.134359,71.38227,18.24847
4.07,16.289564,10.677628,70.025276,21.406004
4.0733333,15.544216,9.321672,67.91088,19.380365
4.076667,14.561735,12.459694,67.378395,21.203947
4.08,15.293791,9.124121,65.2646,18.038757
4.0833335,14.149997,10.175492,64.04486,21.037296
4.0866666,16.07797,10.58955,66.46179,18.847101
4.09,15.170292,8.390506,66.26268,21.543093
4.0933332,13.915065,11.60513,63.241737,18.919312
4.096667,14.698556,8.197281,62.4313,19.548643
4.1,15.105414,12.05134,64.96507,20.21509
4.1033335,16.66842,11.197187,66.63319,19.558687
4.1066666,15.770593,8.9772835,70.26325,19.914148
4.11,15.107869,11.577189,67.711655,19.565563
4.113333,13.321118,12.187359,62.864635,16.966646
4.116667,14.41019,10.145488,62.55297,21.434242
4.12,14.925093,9.83661,61.96494,18.620842
4.1233335,14.011419,10.348677,59.768696,21.835047
4.1266665,14.609265,8.731557,59.870106,21.305723
4.13,14.882719,12.362667,59.967525,21.896753
4.133333,14.045717,9.878605,59.3157,20.451101
4.136667,15.091199,10.213396,62.001507,22.474035
4.14,15.643037,9.549685,63.541622,20.123854
4.1433334,15.926413,9.38497,64.25161,21.111048
4.1466665,15.986329,11.296866,63.922665,22.119093
4.15,16.007786,8.833376,64.72294,19.578842
4.153333,15.937307,12.413474,66.891884,19.609365
4.1566668,16.38176,9.451471,66.712654,21.597208
4.16,15.090943,11.256691,67.16582,18.261667
4.1633334,14.66167,10.600366,64.60747,21.390537
4.1666665,12.896972,8.972087,64.45743,18.508362
4.17,15.689025,10.087523,63.11384,19.404402
4.173333,14.75344,8.495887,61.870735,18.552248
4.1766667,14.596602,12.310891,64.03293,20.104448
4.18,14.964349,9.330638,64.660416,19.637901
4.1833334,15.998002,11.381305,68.41011,22.053288
4.1866665,14.532661,7.625223,65.827194,18.944107
4.19,15.640623,16.124937,67.49361,20.804918
4.193333,15.657313,12.779462,64.45013,17.590773
4.1966667,16.792042,9.982479,70.26327,22.403362
4.2,14.986857,10.143674,70.560165,19.616854
4.2033334,14.057058,9.895321,66.55833,22.811783
4.2066665,14.963499,10.678425,64.309814,19.17793
4.21,15.464071,9.696278,62.89332,21.6663
4.213333,15.820778,10.873859,62.793175,19.280874
4.2166667,13.804512,6.9893737,62.43191,19.781158
4.22,13.124496,17.64204,61.732166,18.632805
4.2233334,13.928072,12.13881,60.53694,19.53817
4.2266665,17.649101,10.486761,70.23862,20.195835
4.23,15.662262,9.172068,69.428406,18.660345
4.233333,14.652033,9.240742,66.374176,21.319475
4.2366667,17.187908,10.408852,67.99147,19.754438
4.24,17.416834,9.245045,70.15048,21.312195
4.2433333,16.873133,10.664861,68.738716,20.687595
4.2466664,13.668079,9.624391,65.85535,21.549091
4.25,15.043818,10.398955,65.29753,19.602018
4.2533336,15.893149,9.66159,65.01931,21.10626
4.2566667,18.033688,10.774347,68.064255,18.805046
4.26,16.242506,9.5507765,65.972206,20.449345
4.2633333,14.578584,10.537634,64.72251,19.076305
4.266667,16.319674,9.127716,64.79742,21.131079
4.27,14.397111,10.8168745,64.70767,21.894238
4.2733335,14.38853,8.432637,64.693665,20.35827
4.2766666,15.573284,12.438685,67.07386,21.144022
4.28,15.027331,11.120976,65.26602,19.649347
4.2833333,15.83624,9.338924,67.565315,21.217201
4.286667,15.399299,11.008165,67.055336,19.933989
4.29,14.527959,7.9731035,65.10982,21.539656
4.2933335,14.967767,12.920066,64.799805,20.229023
4.2966666,14.783675,9.882589,63.30425,20.040287
4.3,17.11859,9.937457,69.12004,20.137531
4.3033333,15.606189,8.685212,67.52896,19.91274
4.306667,15.797115,11.272141,66.48519,20.570917
4.31,16.384436,8.693067,67.07254,18.24347
4.3133335,15.814821,13.417548,67.59762,20.79993
4.3166666,14.887448,8.817303,65.09449,17.184717
4.32,14.364835,12.74762,65.529915,20.94407
4.3233333,15.326544,10.551179,65.891884,17.207079
4.326667,16.907902,9.617737,68.675735,19.939442
4.33,16.659933,9.406207,67.27681,19.952374
4.3333335,16.16445,10.666833,68.255875,21.33351
4.3366666,13.857256,8.843719,66.47459,21.09673
4.34,14.435202,13.4693165,66.99011,21.108511
4.3433332,15.117534,10.471986,64.89359,21.311039
4.346667,16.791656,8.860266,67.50426,20.749512
4.35,16.265646,10.499665,68.329865,20.925035
4.3533335,16.203718,10.497944,67.51934,20.06763
4.3566666,15.658949,8.818896,67.13506,22.09411
4.36,14.469035,9.925756,64.168396,22.899862
4.363333,15.9789715,10.364524,63.11328,21.65586
4.366667,15.752185,8.63577,65.90889,21.060379
4.37,14.671361,12.502262,63.77571,20.589693
4.3733335,15.265957,9.298995,63.57723,21.206738
4.3766665,18.219526,12.336277,67.4282,20.937033
4.38,15.589605,8.253494,66.3785,20.91345
4.383333,15.126948,15.004551,67.0933,20.923735
4.386667,15.252601,9.883276,66.61569,21.125948
4.39,16.106253,8.698667,68.75272,20.809502
4.3933334,14.634805,11.128739,66.867165,20.470938
4.3966665,14.747726,8.446453,64.48699,18.892143
4.4,15.066121,11.76873,65.77853,21.863468
4.403333,14.653838,8.977036,64.14171,20.336346
4.4066668,15.251602,11.226135,66.09604,20.940672
4.41,15.6333065,8.606786,64.45056,20.326529
4.4133334,16.00456,11.855654,66.062256,21.65073
4.4166665,16.142927,9.457394,64.34356,19.370243
4.42,16.414715,11.180855,67.33131,20.367338
4.423333,13.373569,10.31903,65.33951,18.530787
4.4266667,15.942314,10.467946,64.470985,20.650143
4.43,13.412369,8.639241,61.372078,18.86862
4.4333334,14.410172,12.6147585,61.644463,20.811998
4.4366665,14.909762,9.984788,58.978683,19.268333
4.44,15.493879,9.560212,63.055897,20.346365
4.443333,16.644783,9.878319,63.733505,21.819801
4.4466667,15.177428,9.397984,62.38149,19.923967
4.45,17.516657,11.056608,66.81972,19.93818
4.4533334,16.56213,9.263052,67.80706,19.745405
4.4566665,14.4746685,11.405998,67.29997,19.995337
4.46,14.9189825,8.897711,64.145256,18.935446
4.463333,16.333246,11.486891,65.22529,19.329102
4.4666667,15.749835,11.7141075,64.74671,18.495155
4.47,16.584911,8.738556,66.67034,20.160608
4.4733334,14.847513,11.751621,64.23863,16.603905
4.4766665,14.146109,9.568548,61.709846,20.906149
4.48,15.02015,10.068179,65.87416,18.681198
4.483333,15.861751,10.453527,66.13943,20.803932
4.4866667,14.46338,9.071068,65.39858,20.321297
4.49,16.153444,9.827213,65.72035,18.192572
4.4933333,14.827666,9.144756,64.70296,20.2803
4.4966664,15.78055,9.373,66.807,19.318577
4.5,15.9118595,10.364392,65.50889,19.872381
4.5033336,15.028796,11.058417,68.51486,21.545263
4.5066667,16.415186,8.766836,69.37049,19.597677
4.51,15.678942,11.295462,67.668655,20.910372
4.5133333,15.275101,8.784033,64.7254,21.02352
4.516667,15.125111,11.189334,65.6771,19.26529
4.52,15.208694,9.114211,65.53056,21.32474
4.5233335,14.213056,11.738873,66.308105,19.806032
4.5266666,15.165435,9.91683,65.73953,22.63682
4.53,13.652055,8.802294,64.929726,19.468472
4.5333333,15.027012,10.698748,64.62118,22.40581
4.536667,15.116392,8.950522,64.09188,18.35454
4.54,15.920437,9.779578,66.30032,20.127357
4.5433335,15.912639,10.614262,63.847282,18.594456
4.5466666,15.756478,9.7155075,64.74759,19.705902
4.55,15.930543,9.425799,65.7548,18.978264
4.5533333,15.635582,10.184716,65.356476,18.046444
4.556667,16.021667,9.945519,64.85885,19.098091
4.56,14.034796,9.460584,63.604973,19.786638
4.5633335,14.952152,11.338403,64.38014,20.2968
4.5666666,14.861539,10.692332,64.47956,19.51008
4.57,14.913535,11.422517,64.48939,20.756119
4.5733333,14.722571,8.564702,63.885742,21.45854
4.576667,15.012686,11.368896,61.40818,20.590393
4.58,14.831431,11.936531,60.412086,20.15092
4.5833335,14.137222,10.244661,63.268932,21.456179
4.5866666,15.5935135,10.8198,62.437244,19.894045
4.59,14.785025,9.812211,62.630287,19.90469
4.5933332,16.133959,10.637752,63.411926,19.590084
4.596667,16.05027,10.028887,66.13743,20.026056
4.6,16.029156,10.404296,66.50767,18.99041
4.6033335,16.980032,10.241675,66.5448,20.880337
4.6066666,15.625364,10.103099,64.937775,20.02191
4.61,15.588425,10.207999,64.7989,20.004171
4.613333,15.626975,9.200097,65.91517,19.956644
4.616667,15.45393,11.314565,65.02004,18.508009
4.62,14.716367,9.448761,64.760086,20.396849
4.6233335,15.688795,11.059345,65.50736,18.825178
4.6266665,14.362366,9.930126,64.46318,20.6138
4.63,15.702717,10.44312,65.21188,19.67262
4.633333,15.834208,9.704788,63.55736,19.098955
4.636667,16.801718,9.473392,65.10703,20.705952
4.64,15.496401,11.279279,64.26245,19.448164
4.6433334,15.446982,8.658968,64.884766,21.229782
4.6466665,15.230457,11.323406,64.90274,21.380508
4.65,15.294874,8.421271,63.577026,21.30985
4.653333,14.999424,12.629311,65.56535,20.862541
4.6566668,16.354,8.080939,63.72338,20.719677
4.66,14.969558,13.9657755,66.880775,22.138426
4.6633334,14.978224,10.330056,66.73337,20.112297
4.6666665,15.750437,10.022317,68.81855,20.986315
4.67,16.07992,10.951989,67.26224,20.887615
4.673333,16.068552,9.535391,67.858345,20.616
4.6766667,14.953092,9.593846,66.642914,20.25392
4.68,15.670696,10.174893,63.98014,20.518923
4.6833334,15.576149,9.754549,65.35157,20.335766
4.6866665,13.764053,10.724118,62.479107,21.091738
4.69,16.104784,9.8339205,64.356155,19.987152
4.693333,14.913628,9.816449,65.988144,20.924223
4.6966667,13.632336,8.219614,63.59509,20.85177
4.7,15.377858,13.216772,62.658924,21.6557
4.7033334,14.069723,8.7922945,62.628128,19.97742
4.7066665,14.2943535,11.513007,65.26776,22.697107
4.71,15.314013,8.286235,65.03455,19.366556
4.713333,15.752608,12.322033,69.234436,22.956766
4.7166667,17.36096,7.8137293,69.82363,19.65
4.72,15.791016,15.854222,72.20274,21.610239
4.7233334,17.673212,11.655845,70.56019,21.179092
4.7266665,15.601406,9.484288,72.9809,22.26435
4.73,15.49792,11.912011,69.82033,21.754082
4.733333,14.7052,9.64304,67.240974,21.62028
4.7366667,14.760642,11.306377,65.4051,21.516247
4.74,16.174702,9.73259,65.22046,20.113531
4.7433333,15.545328,10.088702,63.400433,19.896889
4.7466664,15.253364,10.058042,61.04209,21.114119
4.75,15.27418,8.595737,61.595154,20.26728
4.7533336,15.896895,13.854166,62.236237,19.740292
4.7566667,15.477302,9.087683,61.38634,19.509008
4.76,15.55689,9.618602,65.198875,19.386698
4.7633333,14.275559,10.8199005,63.99198,20.588367
4.766667,16.556164,8.601655,67.747826,19.16731
4.77,16.054441,13.221503,67.06942,23.733099
4.7733335,16.10096,8.299298,66.028915,19.98949
4.7766666,15.810844,12.31926,67.38017,23.214981
4.78,15.782432,8.15398,66.14916,21.15641
4.7833333,13.517897,12.189449,65.46284,23.615582
4.786667,13.525097,11.269342,62.86901,23.337648
4.79,16.31191,9.265006,67.83863,23.061424
4.7933335,15.711441,8.709253,65.31502,23.401354
4.7966666,14.991987,10.112985,63.48377,22.385317
4.8,16.094955,10.192199,66.07447,22.38998
4.8033333,16.045435,9.746159,67.81243,20.94756
4.806667,14.657026,10.41903,64.84608,21.121605
4.81,13.878554,10.122545,63.624706,21.497227
4.8133335,14.992194,10.653812,63.350574,20.308548
4.8166666,15.687531,10.148666,63.54107,21.327852
4.82,16.662725,9.882874,66.21199,21.207167
4.8233333,15.495742,8.600155,65.06784,22.440346
4.826667,15.046007,13.236563,63.39587,21.592878
4.83,17.84975,9.728983,65.367676,21.560747
4.8333335,15.674791,11.407593,67.49328,21.146301
4.8366666,15.587912,9.673079,67.300575,19.878174
4.84,15.399627,10.402108,66.04852,21.755903
4.8433332,14.030859,9.508703,62.612103,19.267162
4.846667,14.515184,10.614182,60.291637,21.176193
4.85,12.997409,8.636201,58.64855,20.581217
4.8533335,15.096856,12.690729,59.903923,20.314842
4.8566666,15.880995,7.6112413,61.214134,19.494074
4.86,16.727238,14.285552,63.77764,19.583954
4.863333,17.422518,10.400179,64.71708,19.683577
4.866667,16.230179,8.841395,69.72075,18.16594
4.87,17.320204,10.652314,69.76752,19.965338
4.8733335,15.287472,9.678433,66.914894,17.075943
4.8766665,14.562484,10.005969,68.21264,19.219671
4.88,15.018121,9.679879,68.012474,17.710085
4.883333,15.380976,9.399653,67.9464,20.203838
4.886667,16.470663,10.135018,67.84026,18.378828
4.89,14.535024,8.109531,65.77641,19.926195
4.8933334,14.394332,13.640042,64.21429,18.204855
4.8966665,14.900744,10.28633,65.2513,21.075535
4.9,15.823939,10.127179,65.918655,20.658642
4.903333,15.314032,11.047099,65.537674,22.049107
4.9066668,16.364595,9.54235,67.412796,19.47103
4.91,14.131271,10.191852,65.61575,21.95417
4.9133334,13.795322,9.451564,64.09349,20.289412
4.9166665,15.225861,9.786218,64.512115,21.151745
4.92,16.799122,8.872505,66.20328,20.419703
4.923333,16.266726,8.938684,66.829834,20.634062
4.9266667,14.714851,11.193197,65.12869,20.255291
4.93,17.53862,9.842119,71.327324,19.633898
4.9333334,16.366108,8.748867,71.54138,19.744385
4.9366665,15.176509,11.706249,69.18443,20.989326
4.94,12.973643,8.156878,66.6443,21.59949
4.943333,15.000822,12.928189,66.205925,21.832594
4.9466667,15.766696,8.655107,62.560104,20.467192
4.95,16.989851,12.489687,66.85855,21.274488
4.9533334,14.069938,9.009211,65.50134,19.235508
4.9566665,15.921878,10.102091,66.35331,21.05493
4.96,15.061803,10.302514,64.279144,19.751572
4.963333,14.53254,8.804898,63.904972,19.554785
4.9666667,16.725836,13.0762205,64.177315,21.073935
4.97,17.170527,11.15618,65.39594,19.716969
4.9733334,16.55475,10.045362,68.06968,18.883226
4.9766665,15.638324,8.936603,65.871056,18.7448
4.98,14.5721855,11.828865,63.81248,20.789156
4.983333,17.00701,10.226285,66.32773,19.842764
4.9866667,15.266539,11.049104,67.85745,18.384634
4.99,13.9417515,10.305217,62.640972,21.12683
4.9933333,14.8723135,8.58367,62.754757,19.716345
4.9966664,14.21527,13.46267,62.009438,22.091974
5.0,16.231699,10.640305,61.77831,20.079554
5.0033336,15.820795,9.6582155,66.381,22.615831
5.0066667,15.8378525,10.007805,65.107185,19.769217
5.01,15.853135,8.940067,64.74845,21.53444
5.0133333,13.9866085,9.835311,62.157932,18.41966
5.016667,16.712477,10.055884,65.774994,20.900644
5.02,15.530435,9.599395,66.913,20.684212
5.0233335,16.856775,9.055134,66.67351,21.111217
5.0266666,16.327343,11.221842,64.604126,20.428972
5.03,16.960333,9.677451,66.224625,20.62165
5.0333333,16.367046,11.409571,67.366005,20.543716
5.036667,15.297486,8.61566,65.38744,20.614044
5.04,15.086815,9.615782,66.52243,19.555872
5.0433335,15.821118,9.004085,66.08388,20.204844
5.0466666,14.660656,11.866195,65.76795,18.018711
5.05,16.268112,9.290125,66.05088,21.502756
5.0533333,15.927704,9.505298,68.453316,19.289608
5.056667,16.690485,9.814547,67.171036,21.610949
5.06,16.565668,10.35831,70.41881,20.000868
5.0633335,16.068035,9.522741,69.57788,22.25596
5.0666666,16.371283,9.143022,67.41505,20.53095
5.07,13.9177,13.555996,65.42196,20.823097
5.0733333,17.11663,11.03941,65.50474,18.483776
5.076667,16.609753,10.688693,67.16901,18.796814
5.08,16.606886,10.3226185,68.4002,18.703983
5.0833335,14.897222,7.734486,63.786137,19.37454
5.0866666,15.284705,14.870311,64.03747,19.496838
5.09,15.4484625,11.167725,63.815796,20.488806
5.0933332,15.281006,10.180927,68.37301,21.702477
5.096667,15.471123,8.444157,66.860695,21.399242
5.1,16.116884,12.971913,68.22192,22.074675
5.1033335,16.14014,11.004791,65.770096,20.55839
5.1066666,16.764877,8.396398,69.11007,20.741974
5.11,15.592278,13.137221,68.26418,20.922464
5.113333,16.907654,9.507908,68.566185,21.455763
5.116667,14.18015,10.603099,67.08568,21.15777
5.12,14.395858,6.9199643,65.51805,20.499979
5.1233335,14.765639,17.206139,65.877686,21.317234
5.1266665,14.053198,11.079825,63.34781,20.578999
5.13,15.2205,10.523466,68.884056,20.172272
5.133333,15.188784,10.868222,69.27848,20.957296
5.136667,14.394474,8.956258,67.776634,18.62167
5.14,17.015392,10.529686,68.12051,21.504635
5.1433334,16.328938,9.805007,65.03281,18.972086
5.1466665,16.174416,9.07745,65.77838,21.797176
5.15,15.025083,10.650995,63.565403,17.428185
5.153333,12.717048,10.823199,64.02992,20.135893
5.1566668,13.298875,9.3625,63.0686,16.782248
5.16,14.994547,11.157255,62.460583,20.609459
5.1633334,14.269842,8.5535,62.59893,19.631468
5.1666665,15.101266,11.7893915,65.01738,20.114637
5.17,15.801435,10.774199,66.24621,19.823114
5.173333,15.22797,9.772384,67.74576,20.127537
5.1766667,16.748482,9.510669,68.37562,18.74608
5.18,16.292618,10.149969,66.87065,20.551107
5.1833334,14.195881,11.722437,66.789215,20.522049
5.1866665,13.94761,8.381667,65.3291,21.424982
5.19,13.570631,13.177721,63.93099,20.10914
5.193333,16.873365,10.386659,65.48942,21.989315
5.1966667,14.272859,8.59168,65.81653,21.067501
5.2,14.537964,11.3512535,65.81425,20.832705
5.2033334,14.281782,8.551347,62.764763,21.453989
5.2066665,15.553206,12.453725,63.908222,19.540411
5.21,15.999666,9.405508,65.06281,21.148848
5.213333,14.114103,10.908353,65.428215,19.555796
5.2166667,14.3383255,9.193945,63.52139,19.687227
5.22,15.261586,12.131392,62.899803,18.534634
5.2233334,15.393094,10.105602,63.003002,18.74821
5.2266665,15.347727,9.956161,64.64964,21.096745
5.23,14.859883,10.618174,64.763275,19.4246
5.233333,16.33663,8.275556,65.80095,21.136724
5.2366667,13.244465,13.990199,62.66966,19.026482
5.24,15.187477,9.965422,61.33724,22.047033
5.2433333,14.286359,11.2918005,63.104546,19.372305
5.2466664,16.45895,10.248815,65.49836,22.777086
5.25,16.034163,11.642928,66.58317,18.160957
5.2533336,14.479769,10.767612,65.209366,22.680311
5.2566667,15.662532,7.795971,64.25214,18.425632
5.26,14.89891,15.361861,63.90554,22.145985
5.2633333,15.569578,10.903897,63.724712,19.300863
5.266667,15.261023,7.6962,68.12119,21.415197
5.27,13.469465,14.801193,67.42936,19.830507
5.2733335,14.875925,10.682224,66.75779,20.405193
5.2766666,16.261433,8.134256,71.2575,20.226866
5.28,17.107698,11.732467,71.64458,21.257473
5.2833333,15.1253,7.435781,67.56186,20.05012
5.286667,13.036877,16.120995,68.56091,20.914925
5.29,15.076903,12.506161,66.086784,19.65884
5.2933335,13.103172,8.393238,69.40487,20.35868
5.2966666,14.857991,13.029205,66.40522,20.106413
5.3,14.052939,10.021503,65.50663,20.43241
5.3033333,15.097177,11.171678,66.25136,18.481764
5.306667,17.455647,8.599973,67.27083,22.339615
5.31,15.523363,11.1873455,66.87099,20.357048
5.3133335,16.080225,10.046153,66.99165,23.49903
5.3166666,16.494898,9.718707,68.63405,19.248724
5.32,14.609986,10.509243,66.467865,22.875864
5.3233333,12.736339,7.45,65.345116,19.173178
5.326667,13.078034,17.590645,63.62265,21.529535
5.33,14.41173,10.627397,61.300705,19.258259
5.3333335,14.5873995,9.261231,67.57874,19.102665
5.3366666,14.851045,12.167047,67.40985,19.212185
5.34,14.891757,8.171184,64.023964,20.561155
5.3433332,14.616905,13.158412,65.41127,18.309624
5.346667,16.367256,7.834185,65.60208,22.034388
5.35,15.147991,15.108907,67.091,18.780554
5.3533335,15.379364,12.238334,66.30521,22.32527
5.3566666,15.592319,8.196312,69.95896,19.054543
5.36,17.109112,13.60632,69.41539,22.138128
5.363333,15.881208,10.68941,68.58526,20.056927
5.366667,14.116541,9.060198,70.289055,23.159634
5.37,15.020718,9.377779,67.88838,20.364931
5.3733335,15.3554535,11.45724,65.53154,21.987877
5.3766665,14.767662,8.186837,65.424576,19.188604
5.38,16.22948,13.498437,66.71804,20.506138
5.383333,14.569699,12.325614,65.778046,17.79449
5.386667,15.873173,10.412133,69.01068,19.186344
5.39,13.635259,10.08304,67.17534,18.37333
5.3933334,15.009072,10.030887,65.70075,19.42667
5.3966665,14.028045,9.265432,62.73563,20.052607
5.4,15.003026,12.857717,61.606987,19.202284
5.403333,14.714839,10.194266,61.052834,20.566559
5.4066668,14.09712,9.934393,60.820023,20.334255
5.41,14.371914,8.8573885,59.49213,21.145535
5.4133334,14.515029,11.211248,58.619232,21.355156
5.4166665,14.842318,11.166684,61.19904,21.76401
5.42,14.566712,9.625771,62.41945,21.408663
5.423333,14.529707,9.157417,61.926514,21.086033
5.4266667,14.688591,11.626206,61.48485,19.677984
5.43,15.31244,8.890296,62.785896,19.639103
5.4333334,15.342933,10.329816,64.77955,19.850227
5.4366665,14.39328,9.116582,64.30487,18.801153
5.44,14.175173,9.059275,65.05793,20.859
5.443333,13.970213,12.159597,62.019566,20.345518
5.4466667,14.61414,10.363964,61.24882,20.863752
5.45,14.247758,9.87692,63.694656,21.646824
5.4533334,14.122022,7.1480913,61.528427,22.179937
5.4566665,14.087148,18.69746,61.03426,20.749212
5.46,15.470502,12.051879,62.37258,19.39942
5.463333,14.658666,9.160049,68.73052,18.492405
5.4666667,13.889966,11.01623,66.95777,20.2141
5.47,12.851482,9.721628,64.207085,20.102682
5.4733334,13.951308,11.159572,64.89423,19.812555
5.4766665,17.287172,8.661468,65.41771,19.528229
5.48,14.574563,11.1826,64.72125,19.643099
5.483333,13.104216,8.467065,63.877544,19.888208
5.4866667,14.527259,12.640881,65.114235,20.433786
5.49,13.771913,11.994423,60.73308,19.503517
5.4933333,13.022121,9.518208,61.767773,20.297031
5.4966664,14.475039,10.96571,62.07823,19.197672
5.5,14.519783,9.079341,62.035328,19.276762
5.5033336,17.529,12.805681,65.718216,20.189968
5.5066667,14.509042,8.690755,64.93504,18.954592
5.51,15.21569,11.562412,65.73913,18.913954
5.5133333,15.033222,8.546427,65.0578,19.668074
5.516667,13.404509,12.842392,65.69843,17.831886
5.52,14.666606,8.904858,62.880783,19.749344
5.5233335,15.110043,10.155806,66.19286,20.008308
5.5266666,15.272777,7.5817995,64.24456,18.999514
5.53,15.615764,15.050375,65.25005,19.46023
5.5333333,13.030171,11.857881,62.211502,20.27008
5.536667,16.003439,9.815433,68.085014,19.379969
5.54,16.19093,9.880392,67.717354,21.470705
5.5433335,14.471791,9.695745,66.17936,19.33694
5.5466666,16.043417,8.570497,66.13108,21.181816
5.55,14.928767,12.842745,63.694412,18.826271
5.5533333,13.510959,10.155242,62.91298,21.385439
5.556667,13.502449,9.230725,65.104355,19.029535
5.56,15.299272,12.43965,64.20068,20.113588
5.5633335,13.94772,9.530774,63.01093,18.567705
5.5666666,15.757048,9.806423,62.053734,20.647593
5.57,15.871749,9.924673,61.61093,17.635496
5.5733333,16.2375,8.805193,62.844482,18.538456
5.576667,14.062926,11.478244,60.772545,18.36545
5.58,15.486462,10.609594,63.236324,18.044687
5.5833335,14.45679,9.086965,62.81556,19.128792
5.5866666,15.736484,10.106915,64.370094,17.923996
5.59,16.652596,11.197314,67.53152,17.79298
5.5933332,14.97707,9.702216,65.72603,19.011328
5.596667,15.441061,9.945879,65.67942,19.849802
5.6,14.42769,10.706038,63.745663,18.92327
5.6033335,13.252638,9.7885,62.995087,18.953054
5.6066666,12.83542,8.719106,62.430332,18.126995
5.61,14.628341,12.126046,62.328377,16.821512
5.613333,14.898262,8.762126,63.6209,19.641895
5.616667,14.309616,11.145108,64.6428,18.402956
5.62,15.133557,10.004952,63.800526,16.76398
5.6233335,14.11137,10.720261,65.007614,16.257414
5.6266665,14.1387825,10.589283,62.139957,17.787275
5.63,14.535751,9.752028,62.297325,17.178205
5.633333,14.756052,11.247914,61.824947,17.335756
5.636667,14.49369,8.1078205,62.646168,17.333298
5.64,15.097848,14.289673,63.89616,19.21538
5.6433334,13.764207,10.933367,62.401855,17.02129
5.6466665,14.524349,7.444783,66.34043,19.528803
5.65,14.146232,13.994671,63.80587,17.626373
5.653333,12.083698,8.40067,60.71106,19.33872
5.6566668,14.822074,11.649385,67.53946,18.294327
5.66,14.491827,8.671211,66.796455,19.732937
5.6633334,13.389321,12.2,67.20548,17.74636
5.6666665,16.02771,8.376616,65.277306,19.022467
5.67,14.215267,12.287989,65.3246,19.027147
5.673333,13.5700035,8.487392,61.533627,19.501135
5.6766667,12.98605,12.295618,62.91019,18.961283
5.68,13.722853,8.349271,59.743088,19.069193
5.6833334,12.960906,11.889152,61.249603,20.607695
5.6866665,13.688066,8.19301,60.229458,18.426363
5.69,13.984789,12.470785,63.880386,17.855242
5.693333,15.361585,8.780739,62.587303,19.287468
5.6966667,15.391236,11.342526,66.14004,19.191711
5.7,13.718056,9.461718,62.83097,19.908636
5.7033334,13.500477,9.540566,62.934,18.783815
5.7066665,13.753061,12.003398,59.592804,19.492146
5.71,13.861411,9.699617,60.829754,20.795132
5.713333,14.2704935,8.762476,59.72934,17.8113
5.7166667,13.600345,9.510289,59.56447,21.053095
5.72,12.384627,9.524617,61.52831,18.161058
5.7233334,13.575245,10.230034,62.334023,21.597864
5.7266665,12.437101,8.540282,61.640987,18.813023
5.73,13.865594,11.566995,61.925407,18.05383
5.733333,14.267638,9.580006,60.425343,17.603851
5.7366667,14.65851,8.867983,62.36866,17.97573
5.74,13.179931,11.26996,59.49252,17.373045
5.7433333,12.678001,8.852534,59.22928,17.984646
5.7466664,14.298346,11.876384,62.56861,17.770973
5.75,14.071618,8.251715,60.233093,16.98685
5.7533336,15.574866,13.436414,62.288723,17.399244
5.7566667,13.940003,9.471056,61.727077,16.81974
5.76,13.879866,10.890636,62.941204,17.753887
5.7633333,14.318526,9.412992,60.61491,17.627787
5.766667,13.520146,9.633934,60.510796,18.554071
5.77,13.255036,9.561223,60.35659,18.928976
5.7733335,12.253642,8.180234,58.794926,19.137125
5.7766666,13.789899,11.970245,59.34693,21.077547
5.78,12.1104765,9.632636,59.399273,18.10013
5.7833333,12.9575205,11.021351,61.94648,18.096512
5.786667,13.776126,6.208249,59.799934,19.287783
5.79,14.278761,21.160442,61.980362,18.479202
5.7933335,13.071161,13.7207775,61.317444,18.868366
5.7966666,15.239733,8.410754,72.01271,18.106756
5.8,14.810259,12.152433,72.768005,20.88555
5.8033333,13.869327,7.316712,68.54899,19.873274
5.806667,14.416531,17.209435,69.14593,20.329342
5.81,13.816721,11.025463,67.84266,18.161371
5.8133335,13.083364,7.762527,71.45214,20.623608
5.8166666,13.734903,14.47087,70.60087,16.790394
5.82,12.546451,8.557124,65.3058,19.21948
5.8233333,15.274038,11.351884,70.69816,16.746338
5.826667,14.389111,6.7251716,67.314095,19.758394
5.83,13.670312,17.196768,66.836655,18.071024
5.8333335,12.125322,8.982248,62.96296,18.700283
5.8366666,12.715261,10.102829,71.60041,17.992218
5.84,13.569239,8.839725,69.87685,18.0221
5.8433332,12.159727,11.970507,68.88038,16.562313
5.846667,14.215266,8.078205,67.860115,17.94296
5.85,12.588804,11.943956,65.94444,16.873041
5.8533335,13.898319,8.859208,61.87045,16.929335
5.8566666,12.402041,10.505602,65.271,16.888481
5.86,12.612627,9.34714,61.57516,18.41096
5.863333,12.603705,8.392459,60.60029,18.25883
5.866667,13.812418,10.3294735,59.295643,18.563465
5.87,13.364033,8.980755,59.448536,18.373663
5.8733335,13.535679,11.247809,61.274906,17.359964
5.8766665,14.116221,10.052685,60.88882,16.714256
5.88,13.100826,9.072425,61.51185,17.22485
5.883333,14.770689,10.017983,62.052006,18.113417
5.886667,14.747453,9.828494,61.235397,17.232801
5.89,12.757111,9.84055,61.686165,18.536121
5.8933334,13.676721,9.056334,61.215584,18.46082
5.8966665,14.104042,10.996345,60.846413,18.694565
5.9,14.504861,10.410288,60.276325,18.271126
5.903333,13.711599,7.955856,61.559456,18.784239
5.9066668,14.076281,12.814659,59.99333,18.517527
5.91,14.545504,10.007493,58.639175,18.982418
5.9133334,14.698644,8.352969,63.31493,19.61319
5.9166665,13.584306,13.256986,63.50897,17.700764
5.92,13.739908,8.455947,62.073612,19.286856
5.923333,14.858695,12.543736,65.55945,19.341282
5.9266667,13.547295,9.041161,61.855034,17.477299
5.93,13.042975,11.330117,62.73843,18.593836
5.9333334,13.153441,10.655977,60.220303,17.35884
5.9366665,14.761838,9.1714735,62.40819,19.927334
5.94,14.543079,12.123369,63.37138,16.0218
5.943333,13.834142,8.397067,62.11036,18.283632
5.9466667,14.754122,12.30707,62.552288,17.068693
5.95,13.185404,10.340725,61.365673,20.137379
5.9533334,13.578136,10.20611,63.382908,16.054329
5.9566665,12.092533,11.028417,62.88103,19.109516
5.96,13.605591,10.213674,62.840946,16.134861
5.963333,12.936898,10.6492405,59.663746,20.30627
5.9666667,13.87885,7.50558,59.135036,17.12563
5.97,12.888587,15.030918,57.79556,18.85014
5.9733334,14.217104,11.510309,55.966293,18.967388
5.9766665,13.071044,6.6692643,63.262234,19.868614
5.98,13.45971,20.180853,60.443848,19.259989
5.983333,13.424245,13.133096,62.193268,19.635237
5.9866667,13.858002,7.7124715,71.21596,20.193281
5.99,12.800732,14.206951,69.15127,19.224997
5.9933333,14.417902,10.750558,68.79006,18.466606
5.9966664,11.799243,9.134633,69.40446,18.076935
6.0,13.492248,9.431805,65.83695,19.146578
6.0033336,15.058656,9.900352,65.959435,17.66204
6.0066667,11.076442,9.225708,63.821648,17.244663
6.01,11.908604,10.5274515,61.48547,18.174566
6.0133333,12.679626,10.282819,60.022453,17.834164
6.016667,13.765784,9.410899,61.225258,17.387823
6.02,13.805511,11.2023945,60.45996,15.687252
6.0233335,13.400828,6.189657,60.07303,17.925379
6.0266666,13.605452,21.61315,60.682823,16.468582
6.03,13.885096,13.33527,59.48705,18.933329
6.0333333,13.743398,8.9073,69.38921,16.1395
6.036667,13.88094,12.442318,71.23036,18.375517
6.04,13.080599,9.909968,67.25527,16.95068
6.0433335,13.560363,11.261365,67.13765,17.794317
6.0466666,13.094019,8.109282,63.72759,17.118006
6.05,12.097674,13.435829,62.28534,19.505146
6.0533333,13.5072975,10.062727,58.57847,18.428389
6.056667,13.508475,10.44663,60.010475,18.342888
6.06,12.850163,10.398865,59.93377,18.088673
6.0633335,13.069787,9.616464,59.128536,18.260199
6.0666666,14.037385,10.1498165,61.676582,17.280233
6.07,13.353163,9.283938,61.094307,16.575731
6.0733333,12.779777,11.208832,60.4313,17.853266
6.076667,14.219249,8.205801,60.24879,16.283308
6.08,14.228367,13.817326,59.93462,17.772024
6.0833335,13.605969,9.406228,58.259716,16.467766
6.0866666,11.915711,10.714104,60.564137,17.841764
6.09,10.228153,7.4373393,59.50291,17.12502
6.0933332,13.203132,15.392602,60.524456,18.636866
6.096667,13.694194,9.881027,59.52643,16.857586
6.1,14.014779,8.323507,65.36937,18.31239
6.1033335,13.269973,12.071162,63.601196,15.7584915
6.1066666,13.74908,10.66799,62.400955,17.885721
6.11,14.127638,6.912146,63.36909,15.24237
6.113333,13.27997,17.711147,60.87513,18.29176
6.116667,14.136582,11.984584,58.542637,16.483866
6.12,11.995249,9.339144,65.67214,18.253464
6.1233335,12.764082,9.85444,64.56219,17.144081
6.1266665,13.773604,9.982515,63.739372,16.005932
6.13,12.635708,6.6101866,63.70421,17.088953
6.133333,13.357107,18.791391,60.869057,16.779774
6.136667,11.848642,10.7894745,58.691216,17.26269
6.14,12.40862,9.316489,67.26822,17.815882
6.1433334,13.618852,10.9072,67.13709,17.610895
6.1466665,13.92411,7.5111985,63.298065,18.166962
6.15,13.58622,16.44663,62.913296,18.791828
6.153333,11.240891,11.858221,60.060993,16.666107
6.1566668,10.265591,10.186554,64.71904,17.228743
6.16,14.92332,11.051869,65.1129,15.757763
6.1633334,11.816673,9.658956,60.582726,17.462456
6.1666665,11.366878,8.798223,60.937706,16.537008
6.17,14.367917,12.822215,61.342815,15.947731
6.173333,11.347205,8.218968,58.78231,16.795238
6.1766667,13.438131,13.617738,59.429867,16.316093
6.18,13.605684,10.583914,59.796043,16.301971
6.1833334,12.47635,7.8214617,64.24871,14.7939825
6.1866665,13.959752,12.604126,63.879887,16.208559
6.19,13.923038,8.345354,63.154236,15.870769
6.193333,12.6780405,11.375086,67.595924,14.783745
6.1966667,10.749823,7.2781854,64.05246,16.152313
6.2,13.390783,16.537428,65.00573,14.529604
6.2033334,12.89083,12.239141,62.394337,16.541906
6.2066665,12.779574,10.960381,66.259964,15.946744
6.21,13.289331,9.107638,65.53899,15.597403
6.213333,13.110667,9.56105,63.03556,15.540207
6.2166667,13.778612,10.838495,62.26069,16.352825
6.22,11.721583,7.9171205,61.848778,15.887709
6.2233334,12.848354,14.362904,61.210007,15.807879
6.2266665,13.60968,8.915017,57.94315,15.935739
6.23,12.206312,10.432926,61.174084,16.560163
6.233333,13.771996,8.57744,61.3113,17.299072
6.2366667,13.949765,10.985768,62.49045,16.38994
6.24,13.037402,9.503025,59.985878,15.508552
6.2433333,15.137487,9.036364,64.75114,15.639356
6.2466664,12.97993,9.7115345,61.29262,14.593306
6.25,12.736323,7.5162315,61.06731,16.65916
6.2533336,12.791196,15.839914,60.938496,16.251331
6.2566667,11.9331045,9.09627,58.844643,18.352665
6.26,12.060396,12.326046,61.16534,15.817675
6.2633333,11.92194,10.0151415,60.48482,17.66122
6.266667,12.120856,10.346733,59.118,15.72153
6.27,11.216558,9.512541,57.28864,17.215088
6.2733335,12.225832,9.345247,58.447598,16.40718
6.2766666,12.369596,10.904553,58.52234,19.645224
6.28,13.484508,8.57003,59.25671,17.103039
6.2833333,13.923571,11.876547,59.90698,17.867476
6.286667,13.903079,10.467548,57.990387,17.979652
6.29,12.517676,9.667791,60.549255,16.773039
6.2933335,12.100964,9.254072,57.588314,17.918535
6.2966666,10.329453,10.906167,57.036957,15.898148
6.3,11.24818,10.148318,57.89406,17.024496
6.3033333,13.410407,8.87595,57.88737,15.413924
6.306667,12.560966,11.495516,57.050472,17.421112
6.31,12.564507,8.940567,57.439568,15.302991
6.3133335,11.589595,9.951195,57.192043,18.751081
6.3166666,10.800185,8.861414,57.266785,16.505033
6.32,13.38853,11.386286,59.56645,17.30291
6.3233333,12.160805,10.223926,59.097775,18.219435
6.326667,11.366574,8.521373,58.941597,17.152641
6.33,13.214484,12.151003,58.2901,16.599277
6.3333335,13.0901375,8.833324,55.56162,18.87418
6.3366666,12.672999,11.445312,58.641357,16.746172
6.34,12.356571,7.8219805,56.172733,18.728025
6.3433332,12.815378,13.365434,60.19701,15.531405
6.346667,10.623059,10.436798,56.97035,17.788572
6.35,11.711856,8.360508,61.683056,16.345642
6.3533335,14.3646145,11.743962,61.79079,16.604992
6.3566666,13.022669,9.562791,59.58886,17.356684
6.36,11.099801,10.866229,60.87555,14.476894
6.363333,11.890773,9.505457,60.91898,16.991081
6.366667,12.322317,9.49787,62.12807,15.100407
6.37,14.824225,10.981655,62.54707,17.844149
6.3733335,12.671559,7.6381373,62.172592,14.857259
6.3766665,13.573053,15.786381,63.323513,18.404999
6.38,13.643402,9.911247,60.89998,16.191805
6.383333,12.52413,10.735298,63.743587,17.234987
6.386667,13.144388,9.873362,62.862835,16.079086
6.39,11.910627,9.154513,62.044155,18.482214
6.3933334,12.085907,10.189841,60.197327,16.447208
6.3966665,12.177098,10.359937,59.081257,18.758553
6.4,13.235063,9.961005,59.14577,16.575287
6.403333,10.700698,7.7846017,56.381924,18.756311
6.4066668,13.213682,16.53331,56.36295,16.567642
6.41,14.544824,10.833136,56.932804,17.316175
6.4133334,13.740277,9.69831,62.77945,19.15535
6.4166665,12.374517,9.599997,63.250378,15.724046
6.42,11.41456,8.305325,60.537617,16.714735
6.423333,12.526084,13.083601,59.255314,15.893192
6.4266667,12.273115,8.644176,58.67276,17.465675
6.43,11.721953,10.737691,63.110813,17.001743
6.4333334,12.867217,8.043024,61.054733,17.577135
6.4366665,12.403408,11.966308,63.04893,16.711143
6.44,12.352864,9.779167,60.75029,16.452993
6.443333,12.202879,11.022757,64.39525,16.81796
6.4466667,10.141693,10.499139,63.603848,15.895173
6.45,11.054745,9.225387,60.79125,16.428265
6.4533334,13.223376,9.772593,58.92146,16.072908
6.4566665,11.585096,9.466098,57.14036,15.811754
6.46,11.722418,10.580264,56.032436,16.932636
6.463333,12.6267395,9.499071,56.42383,15.230563
6.4666667,11.283443,10.718978,56.55502,15.9294405
6.47,11.901177,8.171913,56.943115,15.653987
6.4733334,12.660063,12.055482,55.455025,16.532959
6.4766665,11.722387,7.916625,56.351006,15.5453415
6.48,12.208345,13.78038,59.952324,16.705534
6.483333,11.947356,10.48451,57.264595,14.356049
6.4866667,15.183251,10.337817,63.47736,15.990636
6.49,12.14025,8.583295,60.700367,14.570706
6.4933333,12.317673,9.642856,58.58454,16.511587
6.4966664,11.708505,11.856047,57.158123,14.811661
6.5,11.856715,11.164388,57.697105,15.341724
6.5033336,13.400994,9.910461,59.25591,14.448566
6.5066667,13.675137,8.901512,57.482304,15.881987
6.51,12.457965,9.881136,56.78745,16.546738
6.5133333,15.125279,9.447911,58.31003,16.971443
6.516667,13.212572,11.688048,61.008446,15.507022
6.52,12.23744,8.642743,58.713104,17.080463
6.5233335,14.4101305,10.527352,61.59771,17.20195
6.5266666,13.72691,8.475145,60.41977,16.745653
6.53,12.46128,10.008288,61.1957,15.3633375
6.5333333,11.609956,8.656607,60.091953,16.998426
6.536667,11.860375,10.007855,61.37111,15.576449
6.54,11.228321,10.848873,58.951782,18.226967
6.5433335,12.403864,8.085712,60.83151,16.789831
6.5466666,11.825812,13.566107,59.273136,17.024057
6.55,12.484335,9.061367,57.382137,16.808622
6.5533333,13.251957,9.819071,61.708,17.844496
6.556667,11.622788,7.953316,60.081535,16.15122
6.56,11.8743,14.385402,59.45111,16.634724
6.5633335,12.578398,10.551204,56.968166,15.778246
6.5666666,12.148361,10.827438,58.81546,16.991417
6.57,11.470257,9.223751,58.70395,15.584864
6.5733333,12.935102,9.427729,58.908157,17.194721
6.576667,12.678591,9.9384365,57.208523,16.675686
6.58,11.773843,9.665411,57.772556,15.329667
6.5833335,11.791418,11.407715,56.433872,16.579563
6.5866666,11.374423,9.97601,54.1635,14.417599
6.59,13.26902,8.325513,56.7622,15.149951
6.5933332,12.701441,11.575857,54.936817,15.05208
6.596667,10.990466,5.5959826,55.071545,13.391432
6.6,13.047522,22.401134,57.379276,16.579084
6.6033335,11.784578,12.602135,56.552807,13.379038
6.6066666,11.799975,7.5519156,66.5295,16.314552
6.61,12.683313,14.9728155,68.34289,14.739979
6.613333,11.082359,11.052723,63.791866,15.50398
6.616667,11.713872,8.943145,65.53699,14.16878
6.62,12.973359,11.960623,63.749676,15.669926
6.6233335,11.717937,8.639402,61.46906,14.436457
6.6266665,11.900346,11.895385,62.06396,16.076794
6.63,10.759365,9.854362,58.04076,15.163398
6.633333,13.559633,7.026707,61.025116,17.124155
6.636667,11.174193,17.102873,57.845192,15.3976345
6.64,10.892012,11.4100685,57.62459,15.586707
6.6433334,12.023973,10.079792,64.7453,15.109018
6.6466665,10.284641,9.147835,62.686356,17.650465
6.65,12.09019,8.566186,59.264565,15.278005
6.653333,11.845975,12.11088,59.06593,16.806507
6.6566668,12.174753,8.920308,59.61386,13.542429
6.66,12.7730665,11.708008,61.090378,18.514742
6.6633334,11.814893,7.010762,61.239754,14.217942
6.6666665,12.230026,15.611895,60.39343,16.510807
6.67,11.577829,9.860836,58.810658,14.086662
6.673333,12.014626,10.212464,62.95097,16.657492
6.6766667,11.339614,9.347602,64.204666,14.899859
6.68,12.622773,10.4500265,62.53848,17.02495
6.6833334,13.487488,8.5187235,61.352585,16.219692
6.6866665,11.217456,11.223529,58.717976,16.689888
6.69,11.411238,10.018513,56.81365,13.865988
6.693333,10.82746,9.586246,58.246937,16.867344
6.6966667,12.112447,9.530533,58.56937,13.922558
6.7,9.869337,9.5639715,60.160282,17.907347
6.7033334,12.284672,7.933684,59.466007,15.80966
6.7066665,10.889528,13.981087,57.688366,17.521257
6.71,12.852992,7.761806,56.527817,14.298113
6.713333,11.993956,13.913958,60.757595,17.2684
6.7166667,12.584402,8.915342,57.357254,15.399414
6.72,13.155545,12.07589,60.979916,17.105879
6.7233334,10.756279,9.638172,60.520267,15.959573
6.7266665,10.381013,8.944782,61.11037,16.378431
6.73,8.832524,9.706238,64.0324,14.30901
6.733333,10.902292,9.660428,62.08763,15.206596
6.7366667,11.84324,10.577162,63.861256,14.606165
6.74,11.240414,8.419805,60.812916,16.705244
6.7433333,11.112735,12.650413,60.09083,15.042624
6.7466664,12.24161,8.696216,58.124607,16.415272
6.75,12.252568,12.991964,59.784554,15.4457245
6.7533336,11.957635,11.586603,57.710728,15.266698
6.7566667,10.786662,9.442076,56.797146,14.935658
6.76,11.975962,10.024358,57.86932,14.571523
6.7633333,11.248164,9.5847225,56.107937,14.833126
6.766667,11.993918,10.633298,57.093605,15.789471
6.77,11.307887,7.4519916,57.101387,14.084257
6.7733335,13.185251,16.29785,57.666485,15.069157
6.7766666,11.689557,10.594307,56.23817,13.672819
6.78,11.282589,8.698853,62.2736,14.650207
6.7833333,12.982672,11.251095,61.734093,13.386154
6.786667,11.731063,8.678672,59.279667,14.726573
6.79,11.246359,10.098663,60.272003,17.035667
6.7933335,12.085643,9.107392,58.288494,13.855363
6.7966666,12.205924,9.926208,60.184155,15.853265
6.8,13.05621,8.313993,58.316322,15.76259
6.8033333,12.0621195,12.026923,59.46133,15.008359
6.806667,12.020974,8.3317795,59.95544,16.086935
6.81,11.289945,12.235851,62.49663,14.740729
6.8133335,10.88225,9.725208,60.66367,16.072294
6.8166666,11.903222,10.030707,63.103825,14.89933
6.82,11.817076,8.662949,61.682903,15.1449375
6.8233333,9.456948,10.48897,61.939407,14.672577
6.826667,11.477244,9.197847,60.378105,15.595565
6.83,11.867443,10.149897,61.46481,14.739791
6.8333335,10.977834,6.9478436,58.896107,15.83758
6.8366666,12.430353,17.610083,58.6293,14.581403
6.84,11.391203,10.382381,57.638382,15.648138
6.8433332,11.875284,9.2508,63.937664,15.654228
6.846667,11.123483,10.549365,64.78558,15.16505
6.85,10.233833,10.997861,63.12928,15.091372
6.8533335,10.290011,9.146364,62.925777,14.353834
6.8566666,13.8383665,9.7113,62.90286,14.795388
6.86,10.613497,10.85343,60.034607,14.971109
6.863333,10.641674,8.813714,60.785107,15.551159
6.866667,13.028151,9.602803,60.769398,16.095345
6.87,11.314673,10.518868,59.759274,15.129641
6.8733335,11.908611,8.660952,60.569485,16.165182
6.8766665,10.517439,12.20388,60.759754,14.103914
6.88,10.626445,10.707805,59.66706,15.790478
6.883333,12.195413,8.471708,60.97539,14.951534
6.886667,11.203766,11.774667,59.923477,16.0779
6.89,12.906701,8.194536,58.640175,13.092784
6.8933334,11.289705,11.984407,59.988083,14.07121
6.8966665,10.582065,7.668251,58.954144,14.965481
6.9,11.530824,15.238226,61.21724,14.704951
6.903333,10.018594,10.005086,59.317177,14.009573
6.9066668,10.669939,11.261998,63.084114,15.207218
6.91,11.049845,10.6493225,60.706432,15.008327
6.9133334,11.370568,8.529912,60.07433,14.827101
6.9166665,9.007304,11.342637,62.91403,13.598663
6.92,12.307334,8.782185,62.03765,15.150868
6.923333,10.712588,10.624406,62.34064,14.48836
6.9266667,11.325877,9.010526,60.818253,13.552274
6.93,10.891384,10.182927,58.582523,15.269005
6.9333334,10.631213,9.960489,56.064503,15.3511915
6.9366665,10.145919,8.31848,58.10459,15.297311
6.94,11.142913,10.103605,57.9535,16.096401
6.943333,10.958435,9.300441,58.001236,15.119647
6.9466667,11.874385,8.163738,59.50578,14.696942
6.95,11.575229,12.00629,60.27119,15.3214655
6.9533334,11.833856,7.123341,59.53977,14.777559
6.9566665,11.015278,14.840072,60.84221,15.947874
6.96,11.558608,9.741545,59.43755,15.07624
6.963333,11.282848,10.271204,64.65402,16.10321
6.9666667,11.311629,8.860009,61.78778,14.708277
6.97,11.28866,9.188928,59.33863,15.498231
6.9733334,12.428294,9.716715,56.312664,15.090122
6.9766665,10.315426,7.8579,59.78056,15.446739
6.98,11.759299,14.192331,58.121456,12.073655
6.983333,11.429023,11.374216,58.13238,14.066184
6.9866667,13.180049,6.824352,63.43833,13.464958
6.99,9.785724,17.052958,62.787502,13.990977
6.9933333,11.745174,9.143735,61.61636,12.17945
6.9966664,9.634875,9.480956,69.962036,15.008422
7.0,12.450235,9.341207,68.19139,12.860745
7.0033336,9.778389,9.062312,65.89736,14.996474
7.0066667,11.756418,11.475291,64.00733,13.882697
7.01,11.3952055,9.468462,62.217022,13.985362
7.0133333,8.841052,9.861822,64.36397,11.508428
7.016667,12.736111,9.495192,63.384975,15.602619
7.02,10.3896885,9.882382,63.33306,12.057676
7.0233335,11.15461,8.320627,61.76514,16.955276
7.0266666,11.679692,11.878397,60.33594,10.805308
7.03,11.688223,8.552266,57.92126,15.786225
7.0333333,11.377788,13.124101,60.339157,11.2892685
7.036667,11.262769,10.776161,59.216595,15.583138
7.04,10.4923315,9.635876,58.993843,12.927326
7.0433335,11.775154,9.597669,56.50918,15.345936
7.0466666,12.1118765,8.231275,55.97947,12.671591
7.05,12.316472,13.845571,55.46357,14.583667
7.0533333,11.942183,8.940738,56.34135,12.391466
7.056667,10.2130575,11.808892,58.247906,13.467898
7.06,11.901524,8.113709,58.48262,12.88045
7.0633335,9.976758,13.07892,59.945072,14.007352
7.0666666,11.563249,10.050871,56.754326,12.638678
7.07,12.117792,8.862921,60.969376,15.449552
7.0733333,10.141373,10.275062,61.27227,13.802359
7.076667,11.801763,9.657237,58.548187,14.1366005
7.08,11.514302,10.026243,58.624783,12.873156
7.0833335,11.508607,9.08335,56.78437,11.10632
7.0866666,11.976737,10.645686,59.58827,13.282236
7.09,10.009369,8.703983,59.17365,10.926305
7.0933332,11.068369,12.056931,58.057796,14.161676
7.096667,9.443836,8.225491,59.87173,13.968076
7.1,10.2007,12.846312,61.402946,13.253007
7.1033335,11.259991,7.25291,59.848923,14.779631
7.1066666,11.223529,14.9725,62.80641,14.099624
7.11,9.353844,9.804679,62.250042,13.523036
7.113333,10.9674,9.905901,66.048515,13.457016
7.116667,8.048801,7.9820137,69.572716,14.175446
7.12,12.512921,12.939268,64.88888,12.914899
7.1233335,11.149422,11.725444,61.291286,13.522855
7.1266665,10.502346,8.38357,64.5549,14.496817
7.13,7.727816,12.933659,70.57906,14.044103
7.133333,13.671301,8.737517,66.108864,13.270161
7.136667,11.123207,10.499985,66.24003,14.253363
7.14,10.700576,6.684332,61.183796,14.727215
7.1433334,10.160509,19.686775,63.69959,14.683947
7.1466665,10.48119,12.292746,61.60357,12.326681
7.15,11.8918085,8.983513,67.420166,14.326819
7.153333,10.339816,11.009979,66.39077,13.735932
7.1566668,10.735165,9.605485,63.9639,15.306797
7.16,11.201356,10.386427,63.21813,14.315792
7.1633334,10.346502,10.444551,62.48406,15.703951
7.1666665,12.45015,9.255438,60.837288,13.300621
7.17,10.759993,10.477331,59.82971,15.6273155
7.173333,10.511638,7.9990325,58.62553,13.847838
7.1766667,9.483083,12.695766,61.82448,14.003069
7.18,10.814946,7.7409916,59.922024,15.279167
7.1833334,10.753233,13.693599,61.54106,13.0713415
7.1866665,10.287256,9.895448,60.906933,15.69035
7.19,9.440081,9.700518,65.97935,14.6680565
7.193333,11.205226,9.210032,61.55048,14.682158
7.1966667,11.448536,8.140978,61.874653,13.218181
7.2,12.083214,13.307441,61.730732,15.242819
7.2033334,12.202787,8.256621,61.83767,13.141544
7.2066665,11.51792,11.02458,64.3143,13.528665
7.21,12.522965,8.061024,62.844337,13.623831
7.213333,11.409343,12.728869,62.785324,11.630951
7.2166667,10.658324,6.3943086,59.35278,13.788862
7.22,10.658001,20.125254,61.119602,11.221094
7.2233334,10.404869,14.507969,61.73192,13.104718
7.2266665,9.844066,9.336618,71.73203,11.765624
7.23,9.582233,9.396926,71.97495,14.013002
7.233333,10.561019,11.2642,68.04515,11.7723055
7.2366667,11.954666,9.22401,63.810722,13.511946
7.24,11.083516,10.15832,63.383747,12.420404
7.2433333,10.748647,9.472041,60.9831,13.03333
7.2466664,9.710959,8.808444,59.762093,12.55524
7.25,12.368621,9.680112,61.26865,13.393482
7.2533336,9.5593,10.10521,62.528313,12.137742
7.2566667,11.036515,10.075481,61.806355,14.095337
7.26,9.750279,10.050723,62.11083,13.436942
7.2633333,9.339978,10.3214,62.774387,12.99834
7.266667,11.742936,10.02828,62.20784,13.447527
7.27,11.571384,8.501542,61.90335,12.049401
7.2733335,10.119807,12.252375,60.556885,13.416156
7.2766666,10.738662,10.201743,59.58487,13.180528
7.28,9.803117,11.058656,61.194035,13.826465
7.2833333,11.65503,6.597213,60.601013,13.795712
7.286667,9.643888,17.43667,60.97885,12.939416
7.29,11.664199,11.306503,58.213345,12.079295
7.2933335,11.467618,11.0930395,67.185135,13.191794
7.2966666,10.563194,8.869032,65.57774,13.981179
7.3,10.605794,9.468505,61.600895,15.210796
7.3033333,9.134292,10.177959,61.791733,13.415345
7.306667,10.467146,8.811702,61.759678,13.550698
7.31,9.828809,11.821141,60.540665,13.026051
7.3133335,9.834172,9.653974,61.496716,14.243563
7.3166666,10.411101,10.425603,61.53031,13.573299
7.32,10.787112,9.80976,58.070606,13.625494
7.3233333,9.781558,10.334313,57.92835,14.404137
7.326667,11.395713,8.773538,57.845165,14.086265
7.33,8.928583,11.705771,59.831287,13.827422
7.3333335,11.913817,7.7424726,59.874138,13.9448185
7.3366666,8.832025,12.610975,63.816063,14.165289
7.34,11.550025,10.244785,58.318424,12.264946
7.3433332,9.018508,10.953148,64.02842,12.969415
7.346667,10.468119,8.621891,60.454533,12.3703785
7.35,10.331447,11.696238,59.435432,12.170784
7.3533335,9.632448,8.43161,57.454056,12.947442
7.3566666,11.344213,12.068985,59.3386,13.4596
7.36,11.381537,10.135199,58.65578,12.54745
7.363333,10.458416,9.665048,59.39947,14.436901
7.366667,9.949206,10.257512,59.515526,12.62699
7.37,10.306077,9.524224,58.90829,13.124773
7.3733335,9.941929,9.764601,57.928284,11.889237
7.3766665,11.186908,9.73248,58.013493,14.437996
7.38,8.870028,10.939354,61.26835,10.5917845
7.383333,12.063283,11.8978815,59.09147,13.988782
7.386667,8.7832775,8.85921,60.76166,13.904318
7.39,8.886735,9.038266,63.073963,13.961884
7.3933334,10.933747,11.5484495,59.910656,13.5195055
7.3966665,8.567216,10.196422,64.101875,13.120514
7.4,12.534355,8.367695,63.569477,13.586095
7.403333,10.102399,12.7671795,61.063313,11.235159
7.4066668,9.130108,9.207141,61.567703,12.997233
7.41,10.345122,10.7568655,62.937656,12.408598
7.4133334,11.129464,10.190098,59.394794,12.963212
7.4166665,10.888561,9.977439,59.93261,11.80377
7.42,10.573021,10.431433,57.320004,11.78677
7.423333,9.797312,9.7073345,56.932587,12.031553
7.4266667,11.291231,9.021183,55.244255,13.141465
7.43,10.635589,10.885043,54.957813,12.411873
7.4333334,9.928852,7.9167237,56.751884,13.507967
7.4366665,9.486836,13.16677,56.855366,12.757863
7.44,10.399489,9.666205,54.920002,12.716413
7.443333,9.5465355,9.569692,60.5604,13.379399
7.4466667,11.206624,9.496959,59.68682,13.413807
7.45,11.461314,9.511633,58.201565,12.524507
7.4533334,7.6673436,9.876006,69.4359,12.753981
7.4566665,11.383604,8.994013,68.26004,11.876863
7.46,8.326795,11.117832,70.28838,11.3537855
7.463333,8.966909,9.642688,70.142685,13.864404
7.4666667,9.827997,13.323955,66.40572,11.491174
7.47,9.342088,9.029111,66.31861,12.19031
7.4733334,11.023594,10.671912,63.04174,11.130365
7.4766665,9.411507,10.582986,63.15239,12.988576
7.48,10.054176,9.866563,63.55938,13.17765
7.483333,8.618733,8.961996,64.701355,11.698446
7.4866667,10.104802,9.818543,62.04112,12.518285
7.49,10.081862,10.326755,59.640575,14.143535
7.4933333,11.2097225,8.886988,59.949154,12.743033
7.4966664,10.708238,12.723689,57.954784,16.249868
7.5,9.185972,8.358354,60.722202,11.673744
7.5033336,10.464133,10.934854,60.083824,15.280328
7.5066667,9.919834,8.477518,58.909523,13.415514
7.51,9.986774,10.891312,60.214355,13.976205
7.5133333,9.69449,8.608428,58.80345,13.1338215
7.516667,9.058066,11.370422,64.03089,13.504654
7.52,9.903985,8.670229,61.301937,12.642758
7.5233335,10.326279,12.368243,62.54464,14.043675
7.5266666,9.403606,9.316995,62.51599,12.356254
7.53,8.553747,10.967096,67.8609,12.292082
7.5333333,10.350548,8.639259,64.51461,13.483911
7.536667,9.146848,10.523445,63.674343,11.322453
7.54,10.380706,8.638088,59.193653,12.074464
7.5433335,9.415104,11.9741335,62.7399,11.117678
7.5466666,9.771733,8.986713,62.124126,13.143198
7.55,11.971083,10.641822,61.45136,14.060671
7.5533333,9.653186,9.065888,59.846333,12.128807
7.556667,11.362139,11.8270445,59.10216,13.909293
7.56,10.393812,7.0477276,56.399414,11.818287
7.5633335,11.221053,16.326921,56.373917,12.528827
7.5666666,10.230782,11.007077,54.609432,11.856515
7.57,9.464407,8.45649,63.619694,13.309235
7.5733333,8.265649,11.649764,67.63444,11.136282
7.576667,10.426121,7.651508,63.57399,11.67257
7.58,9.649508,15.4352865,65.09925,12.458674
7.5833335,7.094181,10.336707,73.57518,13.635132
7.5866666,12.058609,10.159012,71.928925,13.4762945
7.59,8.817636,8.2714,69.541466,12.988014
7.5933332,9.272344,12.668293,65.97907,12.327105
7.596667,10.417123,11.75728,63.080914,13.755088
7.6,10.235564,8.700842,64.56221,14.274717
7.6033335,10.029528,10.254755,61.50941,12.791377
7.6066666,8.527269,8.14686,65.35653,13.438051
7.61,11.839721,12.602629,66.858826,13.428318
7.613333,7.6551275,11.333505,69.40634,14.058049
7.616667,11.73476,9.190404,68.63731,13.041993
7.62,11.10132,10.695356,63.18503,13.283548
7.6233335,9.832963,9.153083,61.063274,15.510467
7.6266665,11.119845,10.9683275,58.633743,13.298793
7.63,9.262826,8.786198,58.173565,13.862615
7.633333,10.613,10.685678,56.84616,15.010585
7.636667,10.172033,6.856262,57.797104,13.068133
7.64,10.275476,17.949057,59.561787,12.855767
7.6433334,11.182134,11.992912,56.659355,12.291345
7.6466665,10.164894,9.566686,64.3052,13.551228
7.65,11.120786,10.061404,63.95966,14.169197
7.653333,8.954293,8.863094,65.340126,13.074452
7.6566668,10.520074,11.787456,62.174175,13.130822
7.66,9.726212,8.466467,61.026554,12.181199
7.6633334,10.309071,12.641007,59.158833,12.993661
7.6666665,9.531649,9.228719,59.03815,12.829807
7.67,9.953587,10.991908,60.49363,13.002994
7.673333,9.866138,8.998875,60.68669,10.751599
7.6766667,8.941077,9.304002,63.207664,12.8292
7.68,11.840171,9.365104,59.12849,12.652194
7.6833334,8.685849,12.210813,63.049328,11.526073
7.6866665,12.309318,8.752541,61.58978,11.835938
7.69,8.674783,10.451586,63.713547,12.65114
7.693333,10.429477,9.13414,61.89687,14.643095
7.6966667,8.808355,12.155324,65.43083,12.683411
7.7,10.433452,8.011528,61.19843,13.371051
7.7033334,10.247122,15.321784,60.855843,13.175683
7.7066665,9.612047,12.034789,59.600975,12.070812
7.71,10.264845,9.387991,63.00286,11.862014
7.713333,7.7075553,8.771155,70.31216,12.48332
7.7166667,9.962652,8.709898,65.48776,14.694852
7.72,9.01576,11.217713,64.21098,13.172284
7.7233334,10.677384,9.34834,63.87861,12.840574
7.7266665,10.060611,11.2401705,62.241234,14.301212
7.73,11.141958,8.955599,61.832504,11.869134
7.733333,10.407844,11.662957,62.154137,13.482662
7.7366667,9.417368,9.356429,61.43292,12.548988
7.74,10.098432,10.8997345,61.59428,11.263808
7.7433333,8.777825,7.2135434,61.82577,10.394114
7.7466664,10.455595,16.711056,60.894485,13.480915
7.75,9.138367,10.074339,61.540222,12.975412
7.7533336,8.837183,9.380992,68.91274,14.765303
7.7566667,10.012767,9.753816,67.33098,10.523242
7.76,10.002737,7.6199446,64.120674,12.315112
7.7633333,9.246767,15.577312,63.254837,10.932614
7.766667,10.040932,10.361099,61.38114,12.357573
7.77,9.494412,8.908315,65.9619,10.290063
7.7733335,9.912397,11.024551,65.66287,11.273562
7.7766666,9.608904,9.454205,66.09784,10.573773
7.78,9.593627,11.047346,66.44214,11.010916
7.7833333,9.398641,9.602272,63.53731,13.387478
7.786667,8.689997,10.967467,66.71505,10.703658
7.79,8.887082,7.730479,64.22489,11.376231
7.7933335,10.455785,14.531835,60.14596,11.898789
7.7966666,8.745622,11.333659,60.88413,12.245318
7.8,9.850943,8.861202,64.86269,10.965166
7.8033333,8.572281,11.535364,68.28688,11.011531
7.806667,8.61596,9.170425,68.83795,11.91378
7.81,10.453738,12.263217,68.45428,12.061857
7.8133335,9.211874,8.856592,66.08808,12.5763035
7.8166666,9.599589,12.562962,65.03453,11.699026
7.82,9.927734,9.087612,62.174065,12.450134
7.8233333,8.908822,9.735562,65.65331,11.240541
7.826667,10.175247,10.829757,60.636528,11.361568
7.83,10.081885,8.696484,60.784294,13.7997
7.8333335,8.395788,10.554963,62.256428,11.75698
7.8366666,10.107563,9.537382,60.10343,12.212888
7.84,9.345849,9.080046,63.7534,10.428666
7.8433332,9.483282,10.096563,62.6128,12.327411
7.846667,11.8577175,9.467019,61.49651,13.740514
7.85,10.339608,10.361065,61.58719,12.810605
7.8533335,8.971692,8.8096285,62.39378,11.318889
7.8566666,9.26582,11.981313,62.87641,14.253239
7.86,10.779723,8.728011,60.93413,11.699621
7.863333,7.8938327,11.370736,68.59928,12.979259
7.866667,8.076299,9.746095,70.84792,11.924978
7.87,10.187362,9.292291,66.194756,11.921697
7.8733335,11.149043,12.629776,62.282673,12.870987
7.8766665,8.778268,8.942445,63.902622,12.198997
7.88,11.232453,12.744004,61.359512,12.196865
7.883333,9.720493,9.3007555,59.06915,11.847983
7.886667,9.321246,8.944635,60.89509,12.814125
7.89,10.57412,9.801531,60.021523,11.648311
7.8933334,9.555482,10.164358,61.28605,11.988189
7.8966665,9.907118,7.8988276,61.326645,11.938057
7.9,11.602025,13.286105,59.85489,11.64374
7.903333,9.205228,8.075317,61.285465,12.594309
7.9066668,8.712367,12.300199,66.54127,12.163906
7.91,11.340418,9.454207,62.3832,11.34228
7.9133334,9.606859,9.9173975,65.45074,13.044124
7.9166665,9.526658,9.896524,64.09957,12.027739
7.92,9.41584,12.151316,64.3469,13.141728
7.923333,8.049225,8.965779,69.65287,12.7249565
7.9266667,8.603277,11.807407,69.674034,12.168801
7.93,8.6547985,8.640567,69.35908,12.756445
7.9333334,11.2551,11.886872,66.922005,12.083256
7.9366665,10.688045,8.904733,64.75547,12.221572
7.94,9.175163,12.678503,66.96633,13.773746
7.943333,9.269749,9.329692,65.44911,12.979871
7.9466667,10.592442,9.038493,61.845352,11.060707
7.95,9.095501,10.349142,63.61021,12.310394
7.9533334,9.245582,10.314167,62.770813,12.57583
7.9566665,9.673975,8.713996,62.78336,11.574287
7.96,9.502725,11.115111,62.641033,10.698633
7.963333,12.198781,8.460342,60.181892,12.104192
7.9666667,7.0207915,11.93863,74.46965,9.561402
7.97,12.52839,10.133037,68.54414,11.44567
7.9733334,8.748817,9.818171,70.85962,12.287406
7.9766665,9.284412,10.950696,68.54981,12.5790825
7.98,10.489986,10.661317,63.511044,12.730822
7.983333,9.345457,9.8450985,62.658295,11.933653
7.9866667,8.827166,11.280925,61.578533,10.647249
7.99,8.786572,11.399522,62.120853,11.058704
7.9933333,10.149943,8.737875,60.907352,9.786142
7.9966664,10.437607,10.818913,60.77042,13.60714
